SALE TYPE,SOLD DATE,PROPERTY TYPE,ADDRESS,CITY,STATE,ZIP,PRICE,BEDS,BATHS,LOCATION,SQUARE FEET,LOT SIZE,YEAR BUILT,DAYS ON MARKET,$/SQUARE FEET,HOA/MONTH,STATUS,NEXT OPEN HOUSE START TIME,NEXT OPEN HOUSE END TIME,URL (SEE http://www.redfin.com/buy-a-home/comparative-market-analysis FOR INFO ON PRICING),SOURCE,MLS#,FAVORITE,INTERESTED,LATITUDE,LONGITUDE
MLS Listing,,Condo/Co-op,1391 Pennsylvania Ave SE #202,Washington,DC,20003,414900,1,1.0,Old City #1,850,,2007,4,488,455,Active,June-24-2018 01:00 PM,June-24-2018 04:00 PM,http://www.redfin.com/DC/Washington/1391-Pennsylvania-Ave-SE-20003/unit-202/home/12531467,MRIS,DC10272065,N,Y,38.8802061,-76.9876123
MLS Listing,,Condo/Co-op,5410 Connecticut Ave NW #308,Washington,DC,20015,269000,1,1.0,Chevy Chase,510,,1957,4,527,434,Active,June-24-2018 01:00 PM,June-24-2018 04:00 PM,http://www.redfin.com/DC/Washington/5410-Connecticut-Ave-NW-20015/unit-308/home/145767096,MRIS,DC10271549,N,Y,38.961853376,-77.07387407
MLS Listing,,Condo/Co-op,311 4th St SE #1,Washington,DC,20003,299900,1,1.0,Capitol Hill,491,,1900,4,611,300,Active,,,http://www.redfin.com/DC/Washington/311-4th-St-SE-20003/unit-1/home/9894288,MRIS,DC10271148,N,Y,38.8849496,-77.0007114
MLS Listing,,Townhouse,3538 W Pl NW,Washington,DC,20007,924900,4,2.0,Glover Park,1728,2240,1936,5,535,,Active,,,http://www.redfin.com/DC/Washington/3538-W-St-NW-20007/home/9933549,MRIS,DC10269796,N,Y,38.918407,-77.071688
MLS Listing,,Single Family Residential,5522 Blair Rd NE,Washington,DC,20011,499000,2,2.0,Chillum,1368,2868,1939,6,365,,Active,,,http://www.redfin.com/DC/Washington/5522-Blair-Rd-NE-20011/home/10078015,MRIS,DC10269772,N,Y,38.9573484,-77.0081579
MLS Listing,,Condo/Co-op,1939 12th St NW #403,Washington,DC,20009,524900,1,1.0,Old City #2,746,,2009,6,704,456,Active,,,http://www.redfin.com/DC/Washington/1939-12th-St-NW-20009/unit-403/home/28486619,MRIS,DC10269759,N,Y,38.9166276,-77.027795
MLS Listing,,Single Family Residential,3500 Highwood Dr SE,Washington,DC,20020,549000,5,3.0,Hill Crest,2599,9706,1942,6,211,,Active,,,http://www.redfin.com/DC/Washington/3500-Highwood-Dr-SE-20020/home/10145415,MRIS,DC10269761,N,Y,38.8694972,-76.9549666
MLS Listing,,Townhouse,1439 Northgate Rd NW,Washington,DC,20012,799000,4,2.5,Shepherd Park,3526,5991,1952,6,227,,Active,,,http://www.redfin.com/DC/Washington/1439-Northgate-Rd-NW-20012/home/10021466,MRIS,DC10269734,N,Y,38.9894012,-77.0346977
MLS Listing,,Townhouse,605 K St NE #2,Washington,DC,20002,799000,2,2.0,Old City #1,1164,,1907,7,686,283,Active,,,http://www.redfin.com/DC/Washington/605-K-St-NE-20002/unit-2/home/21647135,MRIS,DC10268540,N,Y,38.9022284,-76.9981244
MLS Listing,,Condo/Co-op,1526 17th St NW #401,Washington,DC,20036,359900,1,1.0,Old City #2,650,,1916,11,554,823,Active,,,http://www.redfin.com/DC/Washington/1526-17th-St-NW-20036/unit-401/home/28687202,MRIS,DC10264341,N,Y,38.9106399,-77.0387706
MLS Listing,,Townhouse,682 Nicholson St NE,Washington,DC,20011,564000,4,2.5,Riggs Park,1118,2617,1952,12,504,,Active,,,http://www.redfin.com/DC/Washington/682-Nicholson-St-NE-20011/home/10080563,MRIS,DC10263202,N,Y,38.9584012,-76.9957284
MLS Listing,,Condo/Co-op,1816 T St NW #3,Washington,DC,20009,399000,1,1.0,Old City #2,509,,1926,12,784,242,Active,,,http://www.redfin.com/DC/Washington/1816-T-St-NW-20009/unit-3/home/146000544,MRIS,DC10263193,N,Y,38.9153737,-77.0423768
MLS Listing,,Condo/Co-op,3900 Watson Pl NW Unit B-G3C,Washington,DC,20016,479000,2,2.0,Observatory Circle,1250,,1960,13,383,1431,Active,,,http://www.redfin.com/DC/Washington/3900-Watson-Pl-NW-20016/unit-B-G3C/home/77618846,MRIS,DC10262826,N,Y,38.92809,-77.078147
MLS Listing,,Condo/Co-op,3601 Connecticut Ave NW #415,Washington,DC,20008,489000,1,1.0,Forest Hills,1200,,1929,13,408,900,Active,,,http://www.redfin.com/DC/Washington/3601-Connecticut-Ave-NW-20008/unit-415/home/22013037,MRIS,DC10262136,N,Y,38.9379082,-77.05865
MLS Listing,,Condo/Co-op,450 M St NW #1,Washington,DC,20001,539000,2,2.0,Old City #2,895,,1894,17,602,226,Active,,,http://www.redfin.com/DC/Washington/450-M-St-NW-20001/unit-1/home/69067905,MRIS,DC10258823,N,Y,38.9054623,-77.018336
MLS Listing,,Condo/Co-op,1239 Vermont Ave NW #809,Washington,DC,20005,475000,2,2.0,Old City #2,910,,1964,18,522,812,Active,,,http://www.redfin.com/DC/Washington/1239-Vermont-Ave-NW-20005/unit-809/home/9872973,MRIS,DC10257431,N,Y,38.9070003,-77.0306739
MLS Listing,,Condo/Co-op,2550 17th St NW #510,Washington,DC,20009,499000,1,1.0,Mount Pleasant,660,,2015,19,756,354,Active,,,http://www.redfin.com/DC/Washington/2550-17th-St-NW-20009/unit-510/home/107587290,MRIS,DC10257044,N,Y,38.9244887,-77.039359
MLS Listing,,Condo/Co-op,4200 Massachusetts Ave NW #508,Washington,DC,20016,315000,1,1.5,Wesley Heights,755,,1971,19,417,1138,Active,,,http://www.redfin.com/DC/Washington/4200-Massachusetts-Ave-NW-20016/unit-508/home/9950707,MRIS,DC10257040,N,Y,38.9348171,-77.0828442
MLS Listing,,Condo/Co-op,149 W St NW #12,Washington,DC,20001,299000,0,1.0,Ledroit Park,499,,1927,20,599,265,Active,,,http://www.redfin.com/DC/Washington/149-W-St-NW-20001/unit-12/home/12530898,MRIS,DC10255529,N,Y,38.9194394,-77.0142991
MLS Listing,,Townhouse,2054 37th St NW,Washington,DC,20007,895000,4,2.0,Glover Park,1632,1615,1927,20,548,,Active,,,http://www.redfin.com/DC/Washington/2054-37th-St-NW-20007/home/9934538,MRIS,DC10255523,N,Y,38.9181344,-77.0732155
MLS Listing,,Townhouse,1469 Harvard St NW #3,Washington,DC,20009,419000,1,1.0,Columbia Heights,556,,1917,20,754,208,Active,,,http://www.redfin.com/DC/Washington/1469-Harvard-St-NW-20009/unit-3/home/62112393,MRIS,DC10255511,N,Y,38.9265812,-77.0347898
MLS Listing,,Condo/Co-op,5410 Connecticut Ave NW #904,Washington,DC,20015,315000,1,1.0,Chevy Chase,792,,1957,21,398,622,Active,,,http://www.redfin.com/DC/Washington/5410-Connecticut-Ave-NW-20015/unit-904/home/9969801,MRIS,DC10253645,N,Y,38.9619842,-77.0740567
MLS Listing,,Condo/Co-op,3020 Porter St NW #103,Washington,DC,20008,249900,1,1.0,Cleveland Park,575,,1925,33,435,368,Active,,,http://www.redfin.com/DC/Washington/3020-Porter-St-NW-20008/unit-103/home/145680883,MRIS,DC10244019,N,Y,38.9370187,-77.0621578
MLS Listing,,Condo/Co-op,4009 Davis Pl NW #301,Washington,DC,20007,585000,2,2.0,Glover Park,893,,1938,33,655,272,Active,,,http://www.redfin.com/DC/Washington/4009-Davis-Pl-NW-20007/unit-000301/home/22676102,MRIS,DC10243502,N,Y,38.9237051,-77.0792721
MLS Listing,,Condo/Co-op,1827 Florida Ave NW #203,Washington,DC,20009,379900,1,1.0,Dupont,598,,1925,34,635,321,Active,,,http://www.redfin.com/DC/Washington/1827-Florida-Ave-NW-20009/unit-203/home/10004399,MRIS,DC10242941,N,Y,38.9163746,-77.0428053
MLS Listing,,Condo/Co-op,1354-1356 Euclid St NW Unit 302B,Washington,DC,20009,499900,2,2.0,Columbia Heights,654,,1964,34,764,277,Active,,,http://www.redfin.com/DC/Washington/1354-1356-Euclid-St-NW-20009/unit-302B/home/145659706,MRIS,DC10241767,N,Y,38.923402,-77.031301
MLS Listing,,Multi-Family (2-4 Unit),1439 Girard St NW,Washington,DC,20009,2000000,,,Columbia Heights,3052,2417,1906,39,655,,Active,,,http://www.redfin.com/DC/Washington/1439-Girard-St-NW-20009/home/10013626,MRIS,DC10237683,N,Y,38.9256699,-77.034101
MLS Listing,,Condo/Co-op,1504 17th St NW #2,Washington,DC,20036,464000,1,1.0,Old City #2,753,,1900,47,616,335,Active,,,http://www.redfin.com/DC/Washington/1504-17th-St-NW-20036/unit-2/home/145552776,MRIS,DC10228481,N,Y,38.9098795,-77.0387347
MLS Listing,,Condo/Co-op,1000 New Jersey Ave SE #1009,Washington,DC,20003,384900,1,1.0,Old City #1,696,,2006,48,553,1178,Active,,,http://www.redfin.com/DC/Washington/1000-New-Jersey-Ave-SE-20003/unit-1009/home/145309093,MRIS,DC10227996,N,Y,38.878061,-77.0043928
MLS Listing,,Condo/Co-op,1239 Vermont Ave NW #310,Washington,DC,20005,338000,1,1.0,Old City #2,465,,1964,48,727,555,Active,,,http://www.redfin.com/DC/Washington/1239-Vermont-Ave-NW-20005/unit-310/home/9872872,MRIS,DC10226926,N,Y,38.9070003,-77.0306739
MLS Listing,,Condo/Co-op,2475 Virginia Ave NW #723,Washington,DC,20037,220000,0,1.0,Foggy Bottom,642,,1956,55,343,669,Active,,,http://www.redfin.com/DC/Washington/2475-Virginia-Ave-NW-20037/unit-723/home/145499850,MRIS,DC10220566,N,Y,38.89905,-77.052542
MLS Listing,,Condo/Co-op,2425 L St NW #508,Washington,DC,20037,599500,1,1.0,Central,754,,2006,63,795,731,Active,June-24-2018 12:00 PM,June-24-2018 03:00 PM,http://www.redfin.com/DC/Washington/2425-L-St-NW-20037/unit-508/home/11745716,MRIS,DC10212176,N,Y,38.904343,-77.0523268
MLS Listing,,Condo/Co-op,1500 Pennsylvania Ave SE #203,Washington,DC,20003,350000,1,1.0,Old City #1,512,,2016,68,684,251,Active,,,http://www.redfin.com/DC/Washington/1500-Pennsylvania-Ave-SE-20003/unit-203/home/113430017,MRIS,DC10206395,N,Y,38.879821,-76.983278
MLS Listing,,Single Family Residential,2824 Bellevue Ter NW,Washington,DC,20007,1899000,8,4.5,Cathedral Heights - Observatory Circle,4545,6250,1929,75,418,,Active,,,http://www.redfin.com/DC/Washington/2824-Bellevue-Ter-NW-20007/home/9965594,MRIS,DC10199175,N,Y,38.9273284,-77.0760756
MLS Listing,,Condo/Co-op,3244 Grace St NW #3244,Washington,DC,20007,624900,2,1.0,Georgetown,950,,1900,75,658,532,Active,,,http://www.redfin.com/DC/Washington/3244-Grace-St-NW-20007/unit-3244/home/10177796,MRIS,DC10199146,N,Y,38.9038328,-77.0639882
MLS Listing,,Condo/Co-op,1008 Spring Rd NW #1,Washington,DC,20010,449000,2,2.0,Columbia Heights,880,,1913,96,510,270,Active,,,http://www.redfin.com/DC/Washington/1008-Spring-Rd-NW-20010/unit-1/home/17122354,MRIS,DC10180755,N,Y,38.9354693,-77.0276038
MLS Listing,,Townhouse,260 Gallatin St NW,Washington,DC,20011,789999,4,3.0,Petworth,1680,1735,1937,132,470,,Active,,,http://www.redfin.com/DC/Washington/260-Gallatin-St-NW-20011/home/10065788,MRIS,DC10151332,N,Y,38.952061,-77.0156712
Redfin Data,,Townhouse,1622 Belmont St NW Unit B,Washington,DC,20009,799000,2,2.5,Washington,1208,1189,1977,4,661,,Pre On-Market,,,http://www.redfin.com/DC/Washington/1622-Belmont-St-NW-20009/unit-B/home/10005540,Coming Soon,15593,N,Y,38.9200419,-77.0375119
Redfin Data,,Condo/Co-op,3060 16th St NW #410,Washington,DC,20009,349000,1,1.0,Washington,650,,1922,6,537,,Pre On-Market,,,http://www.redfin.com/DC/Washington/3060-16th-St-NW-20009/unit-410/home/10007612,Coming Soon,15428,N,Y,38.9282933,-77.0368679
Redfin Data,,Condo/Co-op,1930 18th St NW Unit 31,Washington,DC,20009,419000,1,1.0,Washington,604,,1908,6,694,,Pre On-Market,,,http://www.redfin.com/DC/Washington/1930-18th-St-NW-20009/unit-31/home/9061394,Coming Soon,15417,N,Y,38.9164509,-77.0419191
Redfin Data,,Condo/Co-op,915 E St NW #514,Washington,DC,20004,439500,1,1.0,Washington,720,,2006,6,610,497,Pre On-Market,,,http://www.redfin.com/DC/Washington/915-E-St-NW-20004/unit-514/home/21646987,Coming Soon,15235,N,Y,38.8965954,-77.024871
Redfin Data,,Single Family Residential,1809 H St NE,Washington,DC,20002,549000,3,1.5,Washington,1152,1600,1941,19,477,,Pre On-Market,,,http://www.redfin.com/DC/Washington/1809-H-St-NE-20002/home/10112083,Coming Soon,14470,N,Y,38.899976,-76.977153
MLS Listing,,Single Family Residential,4224 Brooks St NE,Washington,DC,20019,359900,3,2.0,Deanwood,1451,4688,1926,1,248,,Active,,,http://www.redfin.com/DC/Washington/4224-Brooks-St-NE-20019/home/10180608,MRIS,DC10275113,N,Y,38.8938533,-76.9411025
MLS Listing,,Townhouse,729 Roxboro Pl NW,Washington,DC,20011,599900,3,3.0,Brightwood,1581,1144,1926,1,379,,Active,June-24-2018 02:00 PM,June-24-2018 04:00 PM,http://www.redfin.com/DC/Washington/729-Roxboro-Pl-NW-20011/home/10052898,MRIS,DC10275066,N,Y,38.9656833,-77.0237689
MLS Listing,,Townhouse,399 O St SW Unit T-399,Washington,DC,20024,599000,3,2.0,Southwest Waterfront,1665,,1962,1,360,1556,Active,,,http://www.redfin.com/DC/Washington/399-O-St-SW-20024/unit-T-399/home/146077402,MRIS,DC10268347,N,Y,38.8729745,-77.0175341
MLS Listing,,Townhouse,3313 N St NW,Washington,DC,20007,2250000,4,2.5,Georgetown,2100,2545,1900,1,1071,,Active,,,http://www.redfin.com/DC/Washington/3313-N-St-NW-20007/home/9926438,MRIS,DC10275020,N,Y,38.907066,-77.066693
MLS Listing,,Condo/Co-op,1601 18th St NW Unit P15,Washington,DC,20009,50000,0,,Old City #2,25,,1962,1,2000,52,Active,,,http://www.redfin.com/DC/Washington/1601-18th-St-NW-20009/unit-P15/home/146077366,MRIS,DC10275003,N,Y,38.9113144,-77.0411995
MLS Listing,,Condo/Co-op,2020 12th St NW #113,Washington,DC,20009,784900,2,2.0,U Street,1136,,2005,1,691,694,Active,,,http://www.redfin.com/DC/Washington/2020-12th-St-NW-20009/unit-113/home/10347211,MRIS,DC10274706,N,Y,38.9178211,-77.0284248
MLS Listing,,Single Family Residential,4816 Hutchins Pl NW,Washington,DC,20007,2450000,5,5.0,Palisades,5913,8000,2013,1,414,,Active,June-23-2018 12:00 PM,June-23-2018 02:00 PM,http://www.redfin.com/DC/Washington/4816-Hutchins-Pl-NW-20007/home/45505093,MRIS,DC10269418,N,Y,38.9152816,-77.0960388
MLS Listing,,Townhouse,1504 Queen St NE,Washington,DC,20002,365000,2,1.0,Trinidad,780,825,1942,1,468,,Active,,,http://www.redfin.com/DC/Washington/1504-Queen-St-NE-20002/home/10097566,MRIS,DC10274561,N,Y,38.9051719,-76.9818239
MLS Listing,,Townhouse,3429 Clay St NE,Washington,DC,20019,335000,2,1.0,Lily Ponds,832,1742,1939,1,403,,Active,,,http://www.redfin.com/DC/Washington/3429-Clay-St-NE-20019/home/10117603,MRIS,DC10274550,N,Y,38.8933563,-76.9564632
MLS Listing,,Condo/Co-op,1308 Clifton St NW #307,Washington,DC,20009,399999,1,1.0,Columbia Heights,650,,1912,1,615,250,Active,June-24-2018 02:00 PM,June-24-2018 04:00 PM,http://www.redfin.com/DC/Washington/1308-Clifton-St-NW-20009/unit-307/home/10190975,MRIS,DC10274512,N,Y,38.9221158,-77.0302241
MLS Listing,,Single Family Residential,712 58th Ave,Fairmount Heights,MD,20743,285000,4,2.0,Fairmount Heights,1590,6250,1909,1,179,,Active,,,http://www.redfin.com/MD/Fairmount-Heights/712-58th-Ave-20743/home/11028547,MRIS,PG10274487,N,Y,38.9001181,-76.9171066
MLS Listing,,Townhouse,906 Division Ave NE,Washington,DC,20019,170000,2,2.0,Deanwood,838,2914,1944,1,203,,Active,,,http://www.redfin.com/DC/Washington/906-Division-Ave-NE-20019/home/10128353,MRIS,DC10274437,N,Y,38.90216,-76.9244905
MLS Listing,,Townhouse,1605 E St NE #1,Washington,DC,20002,369000,1,1.5,Capitol Hill,617,,1936,1,598,145,Active,,,http://www.redfin.com/DC/Washington/1605-E-St-NE-20002/unit-1/home/146075651,MRIS,DC10274357,N,Y,38.895905,-76.9819252
MLS Listing,,Single Family Residential,6234 29th St NW,Washington,DC,20015,2050000,6,4.5,Chevy Chase,4700,7500,1948,1,436,,Active,June-24-2018 01:00 PM,June-24-2018 04:00 PM,http://www.redfin.com/DC/Washington/6234-29th-St-NW-20015/home/9994795,MRIS,DC10274136,N,Y,38.9714442,-77.0582228
MLS Listing,,Single Family Residential,4601 Chesapeake St NW,Washington,DC,20016,1149000,5,3.0,American University Park,1862,4000,1932,1,617,,Active,June-23-2018 01:00 PM,June-23-2018 03:00 PM,http://www.redfin.com/DC/Washington/4601-Chesapeake-St-NW-20016/home/10344344,MRIS,DC10270685,N,Y,38.9512091,-77.0908685
MLS Listing,,Townhouse,807 East Capitol St SE,Washington,DC,20003,1450000,3,3.0,Capitol Hill,2925,2327,1900,1,496,,Active,June-24-2018 01:00 PM,June-24-2018 04:00 PM,http://www.redfin.com/DC/Washington/807-E-Capitol-St-SE-20003/home/9903307,MRIS,DC10274298,N,Y,38.8895372,-76.9944798
MLS Listing,,Condo/Co-op,1745 N St NW #303,Washington,DC,20036,469900,1,1.0,-,531,,2018,1,885,328,Active,,,http://www.redfin.com/DC/Washington/1745-N-St-NW-20036/unit-303/home/144620734,MRIS,DC10274260,N,Y,38.9075093,-77.0402175
MLS Listing,,Condo/Co-op,2800 Wisconsin Ave NW #201,Washington,DC,20007,199900,0,1.0,Observatory Circle,464,,1964,1,431,438,Active,,,http://www.redfin.com/DC/Washington/2800-Wisconsin-Ave-NW-20007/unit-201/home/9974082,MRIS,DC10274101,N,Y,38.9264165,-77.07349
MLS Listing,,Townhouse,1605 E St NE #3,Washington,DC,20002,569900,2,2.5,Capitol Hill,1315,,1936,1,433,312,Active,,,http://www.redfin.com/DC/Washington/1605-E-St-NE-20002/unit-3/home/146074804,MRIS,DC10274077,N,Y,38.895905,-76.9819252
MLS Listing,,Townhouse,1343 Constitution Ave NE,Washington,DC,20002,799900,3,1.5,Old City #1,1266,1353,1900,1,632,,Active,,,http://www.redfin.com/DC/Washington/1343-Constitution-Ave-NE-20002/home/9913836,MRIS,DC10274031,N,Y,38.8918491,-76.9868752
MLS Listing,,Townhouse,3351 Blaine St NE,Washington,DC,20019,424901,2,2.5,Lily Ponds,832,1504,1941,1,511,,Active,,,http://www.redfin.com/DC/Washington/3351-Blaine-St-NE-20019/home/10115759,MRIS,DC10274024,N,Y,38.8918152,-76.9586237
MLS Listing,,Townhouse,1230 Jefferson St NW,Washington,DC,20011,510000,3,2.0,16th Street Heights,1178,2618,1922,1,433,,Active,,,http://www.redfin.com/DC/Washington/1230-Jefferson-St-NW-20011/home/10035667,MRIS,DC10273882,N,Y,38.9549579,-77.0290775
MLS Listing,,Townhouse,634 Otis Pl NW,Washington,DC,20010,650000,3,1.0,Columbia Heights,952,1245,1923,1,683,,Active,,,http://www.redfin.com/DC/Washington/634-Otis-Pl-NW-20010/home/10042995,MRIS,DC10273853,N,Y,38.9349043,-77.0204511
MLS Listing,,Townhouse,1706 16th St NW #3,Washington,DC,20009,639900,2,1.5,Dupont,890,,1907,1,719,377,Active,June-23-2018 01:00 PM,June-23-2018 03:00 PM,http://www.redfin.com/DC/Washington/1706-16th-St-NW-20009/unit-3/home/9865927,MRIS,DC10273695,N,Y,38.9129751,-77.0367321
MLS Listing,,Condo/Co-op,900 11th St SE #301,Washington,DC,20003,734900,2,2.0,Capitol Hill,1184,,2017,1,621,444,Active,,,http://www.redfin.com/DC/Washington/900-11th-St-SE-20003/unit-301/home/143800501,MRIS,DC10273672,N,Y,38.8789725,-76.9911705
MLS Listing,,Single Family Residential,2802 Battery Pl NW,Washington,DC,20016,1095000,3,3.0,Kent,3404,,1975,1,322,1405,Active,,,http://www.redfin.com/DC/Washington/2802-Battery-Pl-NW-20016/home/143422558,MRIS,DC10273589,N,Y,38.926423,-77.0979083
MLS Listing,,Townhouse,721 Delafield St NE,Washington,DC,20017,450000,3,1.5,Brookland,1188,1898,1952,1,379,,Active,,,http://www.redfin.com/DC/Washington/721-Delafield-St-NE-20017/home/10084562,MRIS,DC10259378,N,Y,38.9492668,-76.9962346
MLS Listing,,Townhouse,1808 Kalorama Sq NW #19,Washington,DC,20008,2850000,4,5.5,Kalorama,3566,,1976,1,799,2000,Active,,,http://www.redfin.com/DC/Washington/1808-Kalorama-Sq-NW-20008/unit-19/home/9998708,MRIS,DC10273389,N,Y,38.9195228,-77.0419104
MLS Listing,,Townhouse,4232 3rd St NW,Washington,DC,20011,625000,3,1.0,Petworth,1390,1815,1923,1,450,,Active,,,http://www.redfin.com/DC/Washington/4232-3rd-St-NW-20011/home/10064599,MRIS,DC10270059,N,Y,38.9430837,-77.0157162
MLS Listing,,Condo/Co-op,2301 N St NW #112,Washington,DC,20037,410000,1,1.0,Central,533,,1991,1,769,546,Active,June-24-2018 02:00 PM,June-24-2018 04:00 PM,http://www.redfin.com/DC/Washington/2301-N-St-NW-20037/unit-112/home/9047190,MRIS,DC10269810,N,Y,38.9074908,-77.0507346
MLS Listing,,Single Family Residential,6125 32nd Pl NW,Washington,DC,20015,899000,5,3.0,Chevy Chase,1885,6850,1935,1,477,,Active,,,http://www.redfin.com/DC/Washington/6125-32nd-Pl-NW-20015/home/9980264,MRIS,DC10270866,N,Y,38.9707085,-77.0648786
MLS Listing,,Single Family Residential,4111 Lane Pl NE,Washington,DC,20019,510000,2,2.5,Lily Ponds,1581,10020,1971,2,323,,Active,,,http://www.redfin.com/DC/Washington/4111-Lane-Pl-NE-20019/home/10119503,MRIS,DC10273261,N,Y,38.9044526,-76.9447037
MLS Listing,,Townhouse,509 Sheridan St NW,Washington,DC,20011,749000,3,3.0,Brightwood,1581,1760,1925,2,474,,Active,,,http://www.redfin.com/DC/Washington/509-Sheridan-St-NW-20011/home/10055013,MRIS,DC10273134,N,Y,38.9663104,-77.0204399
MLS Listing,,Townhouse,3806 Hansberry Ct NE,Washington,DC,20018,580000,3,2.5,Fort Lincoln,1728,1344,2012,2,336,107,Active,June-23-2018 12:00 PM,June-23-2018 03:00 PM,http://www.redfin.com/DC/Washington/3806-Hansberry-Ct-NE-20018/home/40501199,MRIS,DC10273074,N,Y,38.9229743,-76.9509803
MLS Listing,,Single Family Residential,6223 9th St NW,Washington,DC,20011,875000,4,3.5,Brightwood,2726,4000,2018,2,321,,Active,June-23-2018 01:00 PM,June-23-2018 03:00 PM,http://www.redfin.com/DC/Washington/6223-9th-St-NW-20011/home/10038721,MRIS,DC10273050,N,Y,38.9656657,-77.0257482
MLS Listing,,Townhouse,806 Hamilton St NE,Washington,DC,20011,430000,3,2.0,Riggs Park,2910,2910,1954,2,148,,Active,,,http://www.redfin.com/DC/Washington/806-Hamilton-St-NE-20011/home/10082360,MRIS,DC10273041,N,Y,38.9547229,-76.9942211
MLS Listing,,Townhouse,251 Anacostia Ave NE,Washington,DC,20019,338888,3,1.0,Lily Ponds,992,1600,1949,3,342,,Active,,,http://www.redfin.com/DC/Washington/251-Anacostia-Ave-NE-20019/home/10116648,MRIS,DC10272935,N,Y,38.8932276,-76.9602891
MLS Listing,,Condo/Co-op,101 North Carolina Ave SE Unit H,Washington,DC,20003,285000,0,1.0,Capitol Hill,410,,1800,3,695,385,Active,,,http://www.redfin.com/DC/Washington/101-N-Carolina-Ave-SE-20003/unit-H/home/10343917,MRIS,DC10272920,N,Y,38.8835008,-77.0050081
MLS Listing,,Condo/Co-op,490 M St SW Unit W807,Washington,DC,20024,425000,1,1.0,Rla (sw),836,,1964,3,508,1038,Active,,,http://www.redfin.com/DC/Washington/490-M-St-SW-20024/unit-W807/home/82032714,MRIS,DC10272908,N,Y,38.8757021,-77.0193377
MLS Listing,,Multi-Family (2-4 Unit),418 Seward Sq SE,Washington,DC,20003,2650000,,,Capitol Hill,2825,1140,1880,3,938,,Active,,,http://www.redfin.com/DC/Washington/418-Seward-Sq-SE-20003/home/9895897,MRIS,DC10272891,N,Y,38.8867539,-76.9997776
MLS Listing,,Condo/Co-op,2425 L St NW #323,Washington,DC,20037,585000,1,1.0,Central,816,,2006,3,717,748,Active,June-23-2018 12:00 PM,June-23-2018 02:00 PM,http://www.redfin.com/DC/Washington/2425-L-St-NW-20037/unit-323/home/11745781,MRIS,DC10272808,N,Y,38.904343,-77.0523268
MLS Listing,,Condo/Co-op,3237 N St NW #14,Washington,DC,20007,444000,1,1.0,Georgetown,425,,1900,3,1045,345,Active,June-23-2018 12:00 PM,June-23-2018 02:00 PM,http://www.redfin.com/DC/Washington/3237-N-St-NW-20007/unit-14/home/9926611,MRIS,DC10272796,N,Y,38.9070877,-77.0644738
MLS Listing,,Townhouse,3014 13th St NW,Washington,DC,20009,1200000,5,4.5,Columbia Heights,3608,1800,1912,3,333,,Active,June-24-2018 01:00 PM,June-24-2018 03:00 PM,http://www.redfin.com/DC/Washington/3014-13th-St-NW-20009/home/10029121,MRIS,DC10272674,N,Y,38.9282971,-77.0299879
MLS Listing,,Townhouse,1940 Summit Pl NE,Washington,DC,20002,774995,3,3.5,Eckington,1184,992,1913,3,655,,Active,,,http://www.redfin.com/DC/Washington/1940-Summit-Pl-NE-20002/home/10073458,MRIS,DC10272664,N,Y,38.9168514,-77.0053122
MLS Listing,,Vacant Land,53rd Pl SE,Washington,DC,20019,113000,,,Deanwood,,4125,,3,,,Active,,,http://www.redfin.com/DC/Washington/53rd-Pl-SE-20019/home/21515060,MRIS,DC10272621,N,Y,38.88675,-76.92424
MLS Listing,,Condo/Co-op,1111 11th St NW #607,Washington,DC,20001,650000,2,2.0,Old City #2,1030,,2004,3,631,613,Active,,,http://www.redfin.com/DC/Washington/1111-11th-St-NW-20001/unit-607/home/10342038,MRIS,DC10272466,N,Y,38.9050298,-77.0267154
MLS Listing,,Condo/Co-op,1718 P St NW Unit L5,Washington,DC,20036,269999,0,1.0,Old City #2,535,,1968,3,505,478,Active,,,http://www.redfin.com/DC/Washington/1718-P-St-NW-20036/unit-L5/home/9862461,MRIS,DC10267738,N,Y,38.9095028,-77.0390641
MLS Listing,,Condo/Co-op,2425 L St NW #533,Washington,DC,20037,669000,1,1.0,Central,850,,2006,3,787,883,Active,June-23-2018 12:00 PM,June-23-2018 02:00 PM,http://www.redfin.com/DC/Washington/2425-L-St-NW-20037/unit-533/home/11745866,MRIS,DC10267108,N,Y,38.904343,-77.0523268
MLS Listing,,Townhouse,2006 Shepherd St NE,Washington,DC,20018,450000,3,2.0,Michigan Park,1292,1480,1935,4,348,,Active,,,http://www.redfin.com/DC/Washington/2006-Shepherd-St-NE-20018/home/10103294,MRIS,DC10272354,N,Y,38.939839,-76.975873
MLS Listing,,Condo/Co-op,1260 21st St NW #706,Washington,DC,20036,299000,1,1.0,Central,506,,1966,4,591,704,Active,,,http://www.redfin.com/DC/Washington/1260-21st-St-NW-20036/unit-706/home/9052414,MRIS,DC10272341,N,Y,38.9067683,-77.0469118
MLS Listing,,Townhouse,310 3rd St SE,Washington,DC,20003,1350000,4,2.0,Capitol Hill,2458,1600,1900,4,549,,Active,,,http://www.redfin.com/DC/Washington/310-3rd-St-SE-20003/home/9894210,MRIS,DC10272258,N,Y,38.8856385,-77.0017879
MLS Listing,,Condo/Co-op,2425 L St NW #730,Washington,DC,20037,1349000,2,2.0,Central,1405,,2006,4,960,1160,Active,,,http://www.redfin.com/DC/Washington/2425-L-St-NW-20037/unit-730/home/11745885,MRIS,DC10260847,N,Y,38.904343,-77.0523268
MLS Listing,,Townhouse,1326 Allison St NE,Washington,DC,20017,765000,3,3.0,Brookland,1794,4077,1931,4,426,,Active,,,http://www.redfin.com/DC/Washington/1326-Allison-St-NE-20017/home/10092897,MRIS,DC10272142,N,Y,38.945385,-76.9874169
MLS Listing,,Single Family Residential,1527 Farragut St NW,Washington,DC,20011,1399000,5,3.5,16th Street Heights,5000,9760,1911,4,280,,Active,,,http://www.redfin.com/DC/Washington/1527-Farragut-St-NW-20011/home/10017444,MRIS,DC10272126,N,Y,38.9510025,-77.0354645
MLS Listing,,Condo/Co-op,3900 Cathedral Ave NW Unit 604A,Washington,DC,20016,689000,2,2.0,Observatory Circle,1600,,1931,4,431,1814,Active,,,http://www.redfin.com/DC/Washington/3900-Cathedral-Ave-NW-20016/unit-604A/home/88837355,MRIS,DC10263709,N,Y,38.9289305,-77.0771668
MLS Listing,,Single Family Residential,3722 30th Pl NE,Washington,DC,20018,795000,5,3.5,Woodridge,3330,5000,2018,4,239,,Active,,,http://www.redfin.com/DC/Washington/3722-30th-Pl-NE-20018/home/146053261,MRIS,DC10272101,N,Y,38.9357366,-76.9662142
MLS Listing,,Condo/Co-op,1111 24th St NW Unit 7F,Washington,DC,20037,2715000,2,2.0,West End,2249,,2018,4,1207,2376,Active,,,http://www.redfin.com/DC/Washington/1111-24th-St-NW-20037/unit-7F/home/143996376,MRIS,DC10272098,N,Y,38.9041312,-77.0511178
MLS Listing,,Single Family Residential,2216 Randolph St NE,Washington,DC,20018,500000,3,1.5,Woodridge,1176,4333,1939,4,425,,Active,,,http://www.redfin.com/DC/Washington/2216-Randolph-St-NE-20018/home/10103679,MRIS,DC10272078,N,Y,38.938483,-76.9731947
MLS Listing,,Townhouse,1113 Allison St NW,Washington,DC,20011,525000,4,2.0,16th Street Heights,1322,3126,1915,4,397,,Active,,,http://www.redfin.com/DC/Washington/1113-Allison-St-NW-20011/home/10034855,MRIS,DC10272059,N,Y,38.945354,-77.027304
MLS Listing,,Townhouse,213 9th St SE,Washington,DC,20003,1245000,3,3.5,Capitol Hill,1770,1303,1969,4,703,,Active,,,http://www.redfin.com/DC/Washington/213-9th-St-SE-20003/home/9903486,MRIS,DC10272026,N,Y,38.8871448,-76.9939961
MLS Listing,,Townhouse,1511 33rd St NW,Washington,DC,20007,1995000,4,4.0,Georgetown,1872,1633,1900,4,1066,,Active,,,http://www.redfin.com/DC/Washington/1511-33rd-St-NW-20007/home/9927975,MRIS,DC10271912,N,Y,38.9091456,-77.0658997
MLS Listing,,Condo/Co-op,240 Hamilton St NW #3,Washington,DC,20011,219900,2,1.0,Petworth,570,,1936,4,386,200,Active,,,http://www.redfin.com/DC/Washington/240-Hamilton-St-NW-20011/unit-3/home/11745362,MRIS,DC10271862,N,Y,38.9529836,-77.0150716
MLS Listing,,Single Family Residential,4711 Reservoir Rd NW,Washington,DC,20007,985000,4,3.0,Berkley,2350,5314,1940,4,419,,Active,,,http://www.redfin.com/DC/Washington/4711-Reservoir-Rd-NW-20007/home/9940245,MRIS,DC10271828,N,Y,38.9143913,-77.090239
MLS Listing,,Townhouse,2550 University Pl NW #3,Washington,DC,20009,699999,2,2.0,Columbia Heights,1292,,1910,4,542,306,Active,,,http://www.redfin.com/DC/Washington/2550-University-Pl-NW-20009/unit-3/home/47596406,MRIS,DC10271801,N,Y,38.9227106,-77.0341713
MLS Listing,,Townhouse,3627 18th St NE,Washington,DC,20018,475000,2,2.0,Woodridge,840,1402,1927,4,565,,Active,,,http://www.redfin.com/DC/Washington/3627-18th-St-NE-20018/home/10101901,MRIS,DC10271795,N,Y,38.9348129,-76.9794839
MLS Listing,,Condo/Co-op,3901 Tunlaw Rd NW #103,Washington,DC,20007,321000,2,1.0,Observatory Circle,979,,1952,4,328,567,Active,,,http://www.redfin.com/DC/Washington/3901-Tunlaw-Rd-NW-20007/unit-103/home/9964966,MRIS,DC10271735,N,Y,38.9259736,-77.0781747
MLS Listing,,Townhouse,638 Newton Pl NW Unit A,Washington,DC,20010,899900,4,3.5,Columbia Hts / Petworth,2200,,2018,4,409,329,Active,,,http://www.redfin.com/DC/Washington/638-Newton-Pl-NW-20010/unit-A/home/146051474,MRIS,DC10271680,N,Y,38.9336259,-77.023023
MLS Listing,,Condo/Co-op,525 Park Rd NW #201,Washington,DC,20010,539900,2,2.0,Columbia Heights,937,,2018,4,576,246,Active,,,http://www.redfin.com/DC/Washington/525-Park-Rd-NW-20010/unit-201/home/145315647,MRIS,DC10271657,N,Y,38.9331468,-77.0213171
MLS Listing,,Townhouse,640 Newton Pl NW Unit A,Washington,DC,20010,899900,4,3.5,Columbia Hts / Petworth,2200,,2018,4,409,164,Active,,,http://www.redfin.com/DC/Washington/640-Newton-Pl-NW-20010/unit-A/home/145695439,MRIS,DC10271632,N,Y,38.9336305,-77.0230606
MLS Listing,,Townhouse,113 Bloomingdale Ct NW,Washington,DC,20001,1495000,2,2.5,Ledroit Park,3200,1600,1909,4,467,,Active,,,http://www.redfin.com/DC/Washington/113-Bloomingdale-Ct-NW-20001/home/10188501,MRIS,DC10261251,N,Y,38.9174842,-77.0127919
MLS Listing,,Townhouse,1710 Gainesville St SE,Washington,DC,20020,331200,3,3.0,Randle Heights,2180,436,2018,4,152,,Active,,,http://www.redfin.com/DC/Washington/1710-Gainesville-St-SE-20020/home/146051160,MRIS,DC10271606,N,Y,38.8554915,-76.9802495
MLS Listing,,Townhouse,1670 Kramer St NE,Washington,DC,20002,564000,3,2.5,Old City #1,888,600,1900,4,635,,Active,,,http://www.redfin.com/DC/Washington/1670-Kramer-St-NE-20002/home/10113995,MRIS,DC10271585,N,Y,38.8979055,-76.9805414
MLS Listing,,Single Family Residential,6355 Utah Ave NW,Washington,DC,20015,1099000,4,3.5,Chevy Chase,2146,5463,1935,4,512,,Active,,,http://www.redfin.com/DC/Washington/6355-Utah-Ave-NW-20015/home/9995817,MRIS,DC10271568,N,Y,38.974613,-77.064989
MLS Listing,,Townhouse,3 Rhode Island Ave NE,Washington,DC,20002,899950,3,3.0,Eckington,1724,1318,1910,4,522,,Active,,,http://www.redfin.com/DC/Washington/3-Rhode-Island-Ave-NE-20002/home/10072242,MRIS,DC10260082,N,Y,38.916624,-77.008673
MLS Listing,,Single Family Residential,2928 44th Pl NW,Washington,DC,20016,3750000,7,6.0,Wesley Heights,2088,8000,1927,4,1796,,Active,,,http://www.redfin.com/DC/Washington/2928-44th-Pl-NW-20016/home/9956192,MRIS,DC10271536,N,Y,38.9283883,-77.0876763
MLS Listing,,Single Family Residential,5023 ESKRIDGE Ter NW,WASHINGTON,DC,20016,889000,4,3.0,WASHINGTON,2498,8019,1956,4,356,,Active,,,http://www.redfin.com/DC/Washington/5023-Eskridge-Ter-NW-20016/home/9941837,BRIGHT MLS,1001839112,N,Y,38.9257105,-77.0992308
MLS Listing,,Single Family Residential,5023 Eskridge Ter NW,Washington,DC,20016,889000,4,3.0,Kent,2498,8019,1956,4,356,,Active,,,http://www.redfin.com/DC/Washington/5023-Eskridge-Ter-NW-20016/home/9941842,MRIS,DC10268085,N,Y,38.9257105,-77.0992308
MLS Listing,,Condo/Co-op,2301 Champlain St NW #314,Washington,DC,20009,599900,2,2.0,Mount Pleasant,900,,2004,4,667,350,Active,June-24-2018 02:00 PM,June-24-2018 04:00 PM,http://www.redfin.com/DC/Washington/2301-Champlain-St-NW-20009/unit-314/home/10195315,MRIS,DC10271479,N,Y,38.920823,-77.0408396
MLS Listing,,Condo/Co-op,3701 Connecticut Ave NW #323,Washington,DC,20008,295000,1,1.0,Forest Hills,719,,1951,4,410,753,Active,,,http://www.redfin.com/DC/Washington/3701-Connecticut-Ave-NW-20008/unit-323/home/9990952,MRIS,DC10271448,N,Y,38.9383349,-77.0592347
MLS Listing,,Townhouse,2150 Florida Ave NW,Washington,DC,20008,1800000,5,5.5,Old City #2,2944,1250,1900,4,611,,Active,,,http://www.redfin.com/DC/Washington/2150-Florida-Ave-NW-20008/home/9050581,MRIS,DC10271445,N,Y,38.9123371,-77.0475301
MLS Listing,,Townhouse,522 Hobart Pl NW,Washington,DC,20001,634900,3,2.5,Columbia Heights,1395,,1916,4,455,175,Active,,,http://www.redfin.com/DC/Washington/522-Hobart-Pl-NW-20001/home/143341673,MRIS,DC10271408,N,Y,38.927814,-77.0214589
MLS Listing,,Townhouse,1106 Constitution Ave NE,Washington,DC,20002,1275000,5,3.5,Capitol Hill,1536,1650,1915,4,830,,Active,,,http://www.redfin.com/DC/Washington/1106-Constitution-Ave-NE-20002/home/9908562,MRIS,DC10271402,N,Y,38.8922027,-76.9911613
MLS Listing,,Townhouse,211 17th St NE,Washington,DC,20002,999999,4,3.5,Old City #1,2214,1420,1928,4,452,,Active,,,http://www.redfin.com/DC/Washington/211-17th-St-NE-20002/home/9921084,MRIS,DC10271392,N,Y,38.8924228,-76.9804964
MLS Listing,,Condo/Co-op,3100 Connecticut Ave NW #119,Washington,DC,20008,275000,0,1.0,Garfield,530,,1923,4,519,299,Active,,,http://www.redfin.com/DC/Washington/3100-Connecticut-Ave-NW-20008/unit-119/home/9986878,MRIS,DC10271375,N,Y,38.9306962,-77.0565813
MLS Listing,,Townhouse,1324 Vermont Ave NW,Washington,DC,20005,3500000,8,6.5,Logan Circle,4439,3714,1883,4,788,,Active,,,http://www.redfin.com/DC/Washington/1324-Vermont-Ave-NW-20005/home/9872540,MRIS,DC10271358,N,Y,38.908401,-77.03088
MLS Listing,,Condo/Co-op,1300 Massachusetts Ave NW #302,Washington,DC,20005,399000,1,1.0,Central,712,,1890,4,560,487,Active,,,http://www.redfin.com/DC/Washington/1300-Massachusetts-Ave-NW-20005/unit-302/home/104293384,MRIS,DC10271353,N,Y,38.9046822,-77.0300442
MLS Listing,,Townhouse,1515 K St SE #2,Washington,DC,20003,569900,2,2.0,Capitol Hill East,972,,1949,4,586,192,Active,,,http://www.redfin.com/DC/Washington/1515-K-St-SE-20003/unit-2/home/145998043,MRIS,DC10271334,N,Y,38.878134,-76.982837
MLS Listing,,Condo/Co-op,1816 New Hampshire Ave NW #705,Washington,DC,20009,295000,1,1.0,Dupont,472,,1965,4,625,400,Active,,,http://www.redfin.com/DC/Washington/1816-New-Hampshire-Ave-NW-20009/unit-705/home/9858726,MRIS,DC10271317,N,Y,38.9148931,-77.0387706
MLS Listing,,Condo/Co-op,804 Taylor St NW #405,Washington,DC,20011,345804,1,1.0,Petworth,616,,1957,4,561,236,Active,June-23-2018 02:00 PM,June-23-2018 04:00 PM,http://www.redfin.com/DC/Washington/804-Taylor-St-NW-20011/unit-405/home/39956289,MRIS,DC10271306,N,Y,38.9405573,-77.0239038
MLS Listing,,Condo/Co-op,310 V St NE #2,Washington,DC,20002,749900,3,2.5,Eckington,,,2018,4,,193,Active,,,http://www.redfin.com/DC/Washington/310-V-St-NE-20002/unit-2/home/146050155,MRIS,DC10271297,N,Y,38.918352,-77.001444
MLS Listing,,Townhouse,2227 15th St NE,Washington,DC,20018,599993,3,3.5,Brentwood,1632,1464,1951,4,368,,Active,,,http://www.redfin.com/DC/Washington/2227-15th-St-NE-20018/home/10098408,MRIS,DC10271289,N,Y,38.9199161,-76.9818239
MLS Listing,,Single Family Residential,7071 Western Ave NW,Washington,DC,20015,1000000,4,2.5,Chevy Chase,3150,9610,1960,4,317,,Active,,,http://www.redfin.com/MD/Washington/7071-Western-Ave-NW-20015/home/9996619,MRIS,DC10270543,N,Y,38.982161,-77.057744
MLS Listing,,Condo/Co-op,1260 21st St NW #605,Washington,DC,20036,325000,1,1.0,Dupont/central,534,,1966,4,609,740,Active,,,http://www.redfin.com/DC/Washington/1260-21st-St-NW-20036/unit-605/home/9052379,MRIS,DC10271219,N,Y,38.9067683,-77.0469118
MLS Listing,,Condo/Co-op,310 V St NE #1,Washington,DC,20002,699900,3,3.5,Eckington,,,2018,4,,193,Active,,,http://www.redfin.com/DC/Washington/310-V-St-NE-20002/unit-1/home/146049801,MRIS,DC10271204,N,Y,38.918352,-77.001444
MLS Listing,,Townhouse,1452 Ogden St NW,Washington,DC,20010,824500,3,3.5,Columbia Heights,2072,1526,1923,4,398,,Active,,,http://www.redfin.com/DC/Washington/1452-Ogden-St-NW-20010/home/10014899,MRIS,DC10271168,N,Y,38.9347644,-77.0343517
MLS Listing,,Townhouse,920 P St NW,Washington,DC,20001,940000,3,1.5,Old City #2,1632,,1900,4,576,,Active,,,http://www.redfin.com/DC/Washington/920-P-St-NW-20001/home/9877730,MRIS,DC10271163,N,Y,38.9094338,-77.024831
MLS Listing,,Single Family Residential,906 G St SE,Washington,DC,20003,1799000,5,4.5,Capitol Hill,2086,1260,1907,4,862,,Active,,,http://www.redfin.com/DC/Washington/906-G-St-SE-20003/home/9905485,MRIS,DC10271158,N,Y,38.8814683,-76.9933999
MLS Listing,,Townhouse,3231 Sutton Pl NW Unit C,Washington,DC,20016,835000,3,2.5,Wesley Heights,1628,,1980,4,513,661,Active,,,http://www.redfin.com/DC/Washington/3231-Sutton-Pl-NW-20016/unit-C/home/145699559,MRIS,DC10271153,N,Y,38.932411,-77.0848763
MLS Listing,,Single Family Residential,1014 Anderson Pl SE,Washington,DC,20032,599000,3,3.0,Congress Heights,1797,4806,2008,4,333,75,Active,June-24-2018 01:00 PM,June-24-2018 04:00 PM,http://www.redfin.com/DC/Washington/1014-Anderson-Pl-SE-20032/home/21646190,MRIS,DC10269731,N,Y,38.8430085,-76.9817002
MLS Listing,,Townhouse,2444 Ontario Rd NW #4,Washington,DC,20009,685000,2,2.0,Adams Morgan / Kalorama,1265,,1918,4,542,175,Active,,,http://www.redfin.com/DC/Washington/2444-Ontario-Rd-NW-20009/unit-4/home/28956309,MRIS,DC10268286,N,Y,38.921815,-77.04047
MLS Listing,,Condo/Co-op,809 6th St NW #55,Washington,DC,20001,610000,2,2.0,Central,906,,2005,4,673,639,Active,,,http://www.redfin.com/DC/Washington/809-6th-St-NW-20001/unit-55/home/10193505,MRIS,DC10267546,N,Y,38.9002866,-77.0195177
MLS Listing,,Townhouse,1695 34th St NW,Washington,DC,20007,2395000,5,4.5,Georgetown,3543,1606,1951,4,676,,Active,June-24-2018 02:00 PM,June-24-2018 04:00 PM,http://www.redfin.com/DC/Washington/1695-34th-St-NW-20007/home/9932303,MRIS,DC10268448,N,Y,38.9135206,-77.0678016
MLS Listing,,Townhouse,622 Orleans Pl NE,Washington,DC,20002,625000,3,1.0,Old City #1,1315,1091,1924,4,475,,Active,,,http://www.redfin.com/DC/Washington/622-Orleans-Pl-NE-20002/home/9898140,MRIS,DC10269998,N,Y,38.905144,-76.997561
MLS Listing,,Townhouse,5221 5th St NW,Washington,DC,20011,665000,3,3.5,Petworth,2050,1600,1925,4,324,,Active,,,http://www.redfin.com/DC/Washington/5221-5th-St-NW-20011/home/10061151,MRIS,DC10258563,N,Y,38.9537448,-77.0195107
MLS Listing,,Townhouse,660 E St NE,Washington,DC,20002,869500,4,2.5,Capitol Hill,2163,966,1919,5,402,,Active,,,http://www.redfin.com/DC/Washington/660-E-St-NE-20002/home/9898742,MRIS,DC10271089,N,Y,38.896325,-76.9965239
MLS Listing,,Condo/Co-op,1356 Kenyon St NW Unit B,Washington,DC,20010,449500,2,1.0,Columbia Heights,964,,1900,5,466,373,Active,,,http://www.redfin.com/DC/Washington/1356-Kenyon-St-NW-20010/unit-B/home/10188347,MRIS,DC10271083,N,Y,38.9294675,-77.031338
MLS Listing,,Condo/Co-op,1322 Missouri Ave NW #404,Washington,DC,20011,379900,2,2.0,"16th Street Heights, Brightwood, Petworth",1217,,1958,5,312,473,Active,,,http://www.redfin.com/DC/Washington/1322-Missouri-Ave-NW-20011/unit-404/home/11745040,MRIS,DC10271074,N,Y,38.9614471,-77.0311176
MLS Listing,,Townhouse,707 Oneida Pl NW,Washington,DC,20011,438500,3,2.0,Brightwood,1260,1938,1950,5,348,,Active,,,http://www.redfin.com/DC/Washington/707-Oneida-Pl-NW-20011/home/10052533,MRIS,DC10271070,N,Y,38.962205,-77.022882
MLS Listing,,Condo/Co-op,400 Massachusetts Ave NW #723,Washington,DC,20001,575000,1,1.0,Central,950,,2004,5,605,508,Active,,,http://www.redfin.com/DC/Washington/400-Massachusetts-Ave-NW-20001/unit-723/home/10343524,MRIS,DC10271020,N,Y,38.9002517,-77.0168132
MLS Listing,,Townhouse,1816 Monroe St NW,Washington,DC,20010,1295000,4,3.5,Mount Pleasant,2730,2067,1912,5,474,,Active,,,http://www.redfin.com/DC/Washington/1816-Monroe-St-NW-20010/home/10009966,MRIS,DC10271005,N,Y,38.9330508,-77.0421103
MLS Listing,,Townhouse,1741-- 1743 Gales Pl NE,Washington,DC,20002,619000,2,2.5,Old City #1,1120,1608,1949,5,553,,Active,,,http://www.redfin.com/DC/Washington/1741-1743-Gales-St-NE-20002/home/10112350,MRIS,DC10270969,N,Y,38.898339,-76.978363
MLS Listing,,Townhouse,2515 17th St NW #2,Washington,DC,20009,409000,1,1.0,Mount Pleasant,633,,1899,5,646,161,Active,,,http://www.redfin.com/DC/Washington/2515-17th-St-NW-20009/unit-2/home/21644570,MRIS,DC10270962,N,Y,38.923643,-77.0387143
MLS Listing,,Condo/Co-op,1747 Church St NW Unit B4,Washington,DC,20036,334900,1,1.0,Old City #2,469,,1890,5,714,246,Active,,,http://www.redfin.com/DC/Washington/1747-Church-St-NW-20036/unit-B4/home/9861546,MRIS,DC10268621,N,Y,38.9105271,-77.0399725
MLS Listing,,Townhouse,601 Sheridan St NW,Washington,DC,20011,649000,3,3.5,Brightwood,1621,1760,1925,5,400,,Active,,,http://www.redfin.com/DC/Washington/601-Sheridan-St-NW-20011/home/10055042,MRIS,DC10270805,N,Y,38.966321,-77.021298
MLS Listing,,Townhouse,721 Girard St NW,Washington,DC,20001,675000,3,2.0,Columbia Heights,1384,1375,1910,5,488,,Active,,,http://www.redfin.com/DC/Washington/721-Girard-St-NW-20001/home/10031784,MRIS,DC10270787,N,Y,38.926243,-77.023508
MLS Listing,,Townhouse,322 East Capitol St NE,Washington,DC,20003,2150000,5,3.5,Capitol Hill,4114,1856,1890,5,523,,Active,,,http://www.redfin.com/DC/Washington/322-E-Capitol-St-NE-20003/home/9893818,MRIS,DC10270782,N,Y,38.890139,-77.000939
MLS Listing,,Single Family Residential,233 Oneida St NE,Washington,DC,20011,849900,6,3.5,Riggs Park,4073,4626,1955,5,209,,Active,,,http://www.redfin.com/DC/Washington/233-Oneida-St-NE-20011/home/10078675,MRIS,DC10270764,N,Y,38.9618116,-77.0032988
MLS Listing,,Townhouse,5024 14th St NE,Washington,DC,20017,489950,3,2.5,Riggs Park,1501,2527,1948,5,326,,Active,,,http://www.redfin.com/DC/Washington/5024-14th-St-NE-20017/home/10093157,MRIS,DC10270756,N,Y,38.9509096,-76.9859302
MLS Listing,,Condo/Co-op,3025 Ontario Rd NW #404,Washington,DC,20009,485000,2,2.0,Mount Pleasant,1080,,1949,5,449,696,Active,,,http://www.redfin.com/DC/Washington/3025-Ontario-Rd-NW-20009/unit-404/home/40146897,MRIS,DC10270745,N,Y,38.9260614,-77.0438982
MLS Listing,,Single Family Residential,5270 Loughboro Rd NW,Washington,DC,20016,1849000,6,3.5,Kent,4250,12450,1944,5,435,,Active,,,http://www.redfin.com/DC/Washington/5270-Loughboro-Rd-NW-20016/home/9944350,MRIS,DC10270714,N,Y,38.9355088,-77.1104247
MLS Listing,,Condo/Co-op,-210 P St NW #1,Washington,DC,20001,999900,3,3.0,Truxton Circle,1921,,2018,5,521,245,Active,,,http://www.redfin.com/DC/Washington/210-P-St-NW-20001/unit-1/home/146047573,MRIS,DC10270707,N,Y,38.9094469,-77.0140038
MLS Listing,,Townhouse,,Washington,DC,20009,1665000,3,3.0,Dupont,2400,,1890,5,694,,Active,,,http://www.redfin.com/DC/Washington/Undisclosed-address-20009/home/9059841,MRIS,DC10270689,N,Y,38.9120616,-77.0437407
MLS Listing,,Condo/Co-op,3001 Veazey Ter NW #920,Washington,DC,20008,489000,2,2.0,Forest Hills,1385,,1967,5,353,991,Active,,,http://www.redfin.com/DC/Washington/3001-Veazey-Ter-NW-20008/unit-920/home/146047501,MRIS,DC10270680,N,Y,38.944961,-77.0618224
MLS Listing,,Condo/Co-op,1731 S St NW #1,Washington,DC,20009,489000,2,1.0,Old City #2,860,,1900,5,569,435,Active,,,http://www.redfin.com/DC/Washington/1731-S-St-NW-20009/unit-1/home/9859194,MRIS,DC10270682,N,Y,38.9143623,-77.0405147
MLS Listing,,Townhouse,3517 17th St NW #10,Washington,DC,20010,595000,1,1.5,Mount Pleasant,1100,,1982,5,541,323,Active,,,http://www.redfin.com/DC/Washington/3517-17th-St-NW-20010/unit-10/home/145843648,MRIS,DC10270637,N,Y,38.9361022,-77.0389308
MLS Listing,,Townhouse,630 Totten Mews NE,Washington,DC,20017,592840,3,3.5,Brookland,2150,1800,2018,5,276,200,Active,,,http://www.redfin.com/DC/Washington/601-Totten-Mews-NE-20017/home/145427695,MRIS,DC10270619,N,Y,38.9479652,-76.9988193
MLS Listing,,Townhouse,,Washington,DC,20019,270400,3,1.5,Deanwood,1271,3750,1939,5,213,,Active,,,http://www.redfin.com/DC/Washington/Undisclosed-address-20019/home/10133040,MRIS,DC10270604,N,Y,38.889428,-76.928666
MLS Listing,,Townhouse,1761 Willard St NW,Washington,DC,20009,1888750,5,3.5,Dupont Circle,4498,1622,1900,5,420,,Active,,,http://www.redfin.com/DC/Washington/1761-Willard-St-NW-20009/home/9857382,MRIS,DC10270593,N,Y,38.9164687,-77.0407019
MLS Listing,,Townhouse,953 25th St NW,Washington,DC,20037,969000,2,2.5,Foggy Bottom,1200,836,1911,5,808,,Active,,,http://www.redfin.com/DC/Washington/953-25th-St-NW-20037/home/9043765,MRIS,DC10270589,N,Y,38.902104,-77.0530621
MLS Listing,,Condo/Co-op,929 Florida Ave NW #4002,Washington,DC,20001,539900,2,1.5,U Street,800,,2006,5,675,431,Active,,,http://www.redfin.com/DC/Washington/929-Florida-Ave-NW-20001/unit-4002/home/23060511,MRIS,DC10270578,N,Y,38.918709,-77.0241962
MLS Listing,,Condo/Co-op,3500 13th St NW #507,Washington,DC,20010,359000,1,1.0,Columbia Heights,560,,1928,5,641,272,Active,,,http://www.redfin.com/DC/Washington/3500-13th-St-NW-20010/unit-507/home/11745097,MRIS,DC10270553,N,Y,38.9324552,-77.0301341
MLS Listing,,Single Family Residential,511 Alabama Ave SE,Washington,DC,20032,299000,4,2.5,Congress Heights,1512,2155,1915,5,198,,Active,,,http://www.redfin.com/DC/Washington/511-Alabama-Ave-SE-20032/home/10165460,MRIS,DC10270540,N,Y,38.8429241,-76.9988331
MLS Listing,,Townhouse,416 Gallatin St NW,Washington,DC,20011,799000,4,3.5,Petworth,1962,1710,1927,5,407,,Active,,,http://www.redfin.com/DC/Washington/416-Gallatin-St-NW-20011/home/10060977,MRIS,DC10258797,N,Y,38.951863,-77.018947
MLS Listing,,Single Family Residential,1325 Tuckerman St NW,Washington,DC,20011,625000,4,3.0,Brightwood,1584,4347,1939,5,395,,Active,,,http://www.redfin.com/DC/Washington/1325-Tuckerman-St-NW-20011/home/10023055,MRIS,DC10270466,N,Y,38.967785,-77.030876
MLS Listing,,Condo/Co-op,1225 13th St NW #407,Washington,DC,20005,409900,1,1.0,Old City #2,643,,2003,5,637,348,Active,,,http://www.redfin.com/DC/Washington/1225-13th-St-NW-20005/unit-407/home/10189479,MRIS,DC10270446,N,Y,38.9065874,-77.0291445
MLS Listing,,Condo/Co-op,1708 Newton St NW #303,Washington,DC,20010,309000,1,1.0,Mount Pleasant,500,,1922,5,618,318,Active,,,http://www.redfin.com/DC/Washington/1708-Newton-St-NW-20010/unit-303/home/10349403,MRIS,DC10268308,N,Y,38.9340467,-77.0391079
MLS Listing,,Townhouse,1306 Shepherd St NW,Washington,DC,20011,779000,4,3.5,Columbia Heights,1620,1800,1911,5,481,,Active,,,http://www.redfin.com/DC/Washington/1306-Shepherd-St-NW-20011/home/10025845,MRIS,DC10269906,N,Y,38.9395483,-77.0301678
MLS Listing,,Townhouse,5275 Nebraska Ave NW,Washington,DC,20015,865000,3,2.5,Chevy Chase,1188,2430,1940,5,728,,Active,,,http://www.redfin.com/DC/Washington/5275-Nebraska-Ave-NW-20015/home/9977713,MRIS,DC10270384,N,Y,38.958851,-77.067558
MLS Listing,,Condo/Co-op,1330 New Hampshire Ave NW #501,Washington,DC,20036,499900,2,1.0,Dupont,735,,1963,5,680,649,Active,,,http://www.redfin.com/DC/Washington/1330-New-Hampshire-Ave-NW-20036/unit-501/home/9056953,MRIS,DC10270364,N,Y,38.9083086,-77.0451575
MLS Listing,,Single Family Residential,3716 31st Pl NE,Washington,DC,20018,665000,4,3.5,Woodridge,1286,174240000,1926,5,517,,Active,,,http://www.redfin.com/DC/Washington/3716-31st-Pl-NE-20018/home/10105304,MRIS,DC10270359,N,Y,38.9356308,-76.9646436
MLS Listing,,Condo/Co-op,2939 Van Ness St NW #208,Washington,DC,20008,275000,1,1.0,Forest Hills,815,,1964,5,337,698,Active,,,http://www.redfin.com/DC/Washington/2939-Van-Ness-St-NW-20008/unit-208/home/144844511,MRIS,DC10270339,N,Y,38.9443887,-77.0601806
MLS Listing,,Condo/Co-op,1301 20th St NW #902,Washington,DC,20036,390000,1,1.0,Central,632,,1973,5,617,615,Active,,,http://www.redfin.com/DC/Washington/1301-20th-St-NW-20036/unit-902/home/9060415,MRIS,DC10270283,N,Y,38.9076058,-77.0446178
MLS Listing,,Townhouse,1815 Kilbourne Pl NW,Washington,DC,20010,999555,3,3.0,Mount Pleasant,2500,1824,1912,5,400,,Active,,,http://www.redfin.com/DC/Washington/1815-Kilbourne-Pl-NW-20010/home/10008658,MRIS,DC10270270,N,Y,38.930834,-77.04214
MLS Listing,,Condo/Co-op,129 Varnum St NW #1,Washington,DC,20012,649900,3,3.0,Petworth,1662,,2018,5,391,456,Active,,,http://www.redfin.com/DC/Washington/129-Varnum-St-NW-20011/unit-1/home/144676524,MRIS,DC10270231,N,Y,38.943585,-77.013449
MLS Listing,,Condo/Co-op,1851 Columbia Rd NW #307,Washington,DC,20009,399000,1,1.0,Kalorama,640,,1902,5,623,464,Active,,,http://www.redfin.com/DC/Washington/1851-Columbia-Rd-NW-20009/unit-307/home/145916802,MRIS,DC10270233,N,Y,38.9209465,-77.0440781
MLS Listing,,Townhouse,5019 8th St NW,Washington,DC,20011,779000,3,3.5,Petworth,1336,1440,1925,5,583,,Active,June-24-2018 01:00 PM,June-24-2018 04:00 PM,http://www.redfin.com/DC/Washington/5019-8th-St-NW-20011/home/10051761,MRIS,DC10270211,N,Y,38.9514985,-77.0235777
MLS Listing,,Townhouse,1409 Oak St NW,Washington,DC,20010,850000,3,2.5,Columbia Heights,2112,1940,1922,5,402,,Active,,,http://www.redfin.com/DC/Washington/1409-Oak-St-NW-20010/home/10014874,MRIS,DC10270202,N,Y,38.9343456,-77.0339329
MLS Listing,,Condo/Co-op,4740 Connecticut Ave NW #803,Washington,DC,20008,435000,2,2.0,Wakefield,1082,,1956,5,402,809,Active,,,http://www.redfin.com/DC/Washington/4740-Connecticut-Ave-NW-20008/unit-803/home/9977056,MRIS,DC10270182,N,Y,38.9517732,-77.0685436
MLS Listing,,Townhouse,1031 Irving St NW,Washington,DC,20010,1090000,3,2.0,Columbia Heights,2124,1603,1912,5,513,,Active,,,http://www.redfin.com/DC/Washington/1031-Irving-St-NW-20010/home/10028856,MRIS,DC10270179,N,Y,38.9288808,-77.0272767
MLS Listing,,Condo/Co-op,1330 New Hampshire Ave NW #425,Washington,DC,20036,449000,1,1.0,Dupont Circle,765,,1963,5,587,655,Active,,,http://www.redfin.com/DC/Washington/1330-New-Hampshire-Ave-NW-20036/unit-425/home/9056948,MRIS,DC10269123,N,Y,38.9083086,-77.0451575
MLS Listing,,Single Family Residential,1515 31st St NW,Washington,DC,20007,5200000,7,5.5,Georgetown,5480,4491,1900,5,949,,Active,,,http://www.redfin.com/DC/Washington/1515-31st-St-NW-20007/home/10194286,MRIS,DC10270148,N,Y,38.9097541,-77.0614158
MLS Listing,,Condo/Co-op,1844 Columbia Rd NW #105,Washington,DC,20009,419900,2,1.0,Kalorama,650,,1912,5,646,223,Active,,,http://www.redfin.com/DC/Washington/1844-Columbia-Rd-NW-20009/unit-105/home/10003031,MRIS,DC10270144,N,Y,38.9215048,-77.043156
MLS Listing,,Townhouse,15 V St NE,Washington,DC,20002,797000,0,,Brookland,2605,2192,1906,5,306,,Active,,,http://www.redfin.com/DC/Washington/15-V-St-NE-20002/home/10072207,MRIS,DC10270133,N,Y,38.9179098,-77.0083829
MLS Listing,,Townhouse,614 14th Pl NE,Washington,DC,20002,649900,2,1.5,Old City #1,1088,1298,1911,5,597,,Active,,,http://www.redfin.com/DC/Washington/614-14th-Pl-NE-20002/home/10177666,MRIS,DC10270104,N,Y,38.8981751,-76.984704
MLS Listing,,Townhouse,4252 Southern Ave SE,Washington,DC,20019,369000,3,2.0,Fort Dupont Park,1536,1600,1952,5,240,,Active,,,http://www.redfin.com/DC/Washington/4252-Southern-Ave-SE-20019/home/10137633,MRIS,DC10270091,N,Y,38.868396,-76.941205
MLS Listing,,Townhouse,1318 Pennsylvania Ave SE,Washington,DC,20003,749500,0,,Old City #1,,897,1912,5,,,Active,,,http://www.redfin.com/DC/Washington/1318-Pennsylvania-Ave-SE-20003/home/146045446,MRIS,DC10270082,N,Y,38.8814382,-76.9874879
MLS Listing,,Condo/Co-op,3500 13th St NW #101,Washington,DC,20010,489900,2,1.0,Columbia Heights,1079,,1928,5,454,544,Active,,,http://www.redfin.com/DC/Washington/3500-13th-St-NW-20010/unit-101/home/11745061,MRIS,DC10270063,N,Y,38.9324552,-77.0301341
MLS Listing,,Single Family Residential,3212 Oliver St NW,Washington,DC,20015,1295000,4,3.0,Chevy Chase,3460,10600,1918,5,374,,Active,,,http://www.redfin.com/DC/Washington/3212-Oliver-St-NW-20015/home/9980596,MRIS,DC10270023,N,Y,38.9665089,-77.0649685
MLS Listing,,Townhouse,1643 Newton St NW #1,Washington,DC,20010,849900,3,3.0,Mount Pleasant,1700,,1913,5,500,310,Active,,,http://www.redfin.com/DC/Washington/1643-Newton-St-NW-20010/unit-1/home/146045179,MRIS,DC10269978,N,Y,38.9341095,-77.0379722
MLS Listing,,Townhouse,1207 F St NE,Washington,DC,20002,1175000,4,2.5,Old City #1,2474,1369,1908,5,475,,Active,,,http://www.redfin.com/DC/Washington/1207-F-St-NE-20002/home/9910382,MRIS,DC10268607,N,Y,38.897089,-76.989824
MLS Listing,,Townhouse,1643 Newton St NW #2,Washington,DC,20010,899900,3,3.0,Mount Pleasant,1600,,1913,5,562,310,Active,,,http://www.redfin.com/DC/Washington/1643-Newton-St-NW-20010/unit-2/home/146045093,MRIS,DC10269934,N,Y,38.9341095,-77.0379722
MLS Listing,,Townhouse,528 24th St NE,Washington,DC,20002,462000,2,2.0,Old City #1,1240,1600,1928,5,373,,Active,,,http://www.redfin.com/DC/Washington/528-24th-St-NE-20002/home/10112602,MRIS,DC10269929,N,Y,38.8969076,-76.9727784
MLS Listing,,Townhouse,1507 Caroline St NW,Washington,DC,20009,1099000,3,1.0,Logan Circle,1272,1423,1875,5,864,,Active,,,http://www.redfin.com/DC/Washington/1507-Caroline-St-NW-20009/home/9867676,MRIS,DC10269914,N,Y,38.9164154,-77.0352733
MLS Listing,,Condo/Co-op,1414 Belmont St NW #310,Washington,DC,20009,799000,3,2.0,14th Street,1272,,2009,5,628,713,Active,,,http://www.redfin.com/DC/Washington/1414-Belmont-St-NW-20009/unit-310/home/28497192,MRIS,DC10266949,N,Y,38.9202565,-77.0321627
MLS Listing,,Townhouse,2019 Alabama Ave SE,Washington,DC,20020,225000,2,1.0,Randle Heights,800,1703,1948,5,281,,Active,,,http://www.redfin.com/DC/Washington/2019-Alabama-Ave-SE-20020/home/10161560,MRIS,DC10269817,N,Y,38.850305,-76.975562
MLS Listing,,Condo/Co-op,2501 Calvert St NW #106,Washington,DC,20008,369900,1,1.0,Woodley Park,721,,1968,5,513,543,Active,,,http://www.redfin.com/DC/Washington/2501-Calvert-St-NW-20008/unit-106/home/9988291,MRIS,DC10269814,N,Y,38.9236213,-77.05449
MLS Listing,,Condo/Co-op,475 K St NW #302,Washington,DC,20001,725000,2,2.0,Mt Vernon Triangle,1175,,2008,5,617,670,Active,,,http://www.redfin.com/DC/Washington/475-K-St-NW-20001/unit-302/home/23068265,MRIS,DC10269788,N,Y,38.9031298,-77.0187529
MLS Listing,,Condo/Co-op,1419 R St NW #11,Washington,DC,20009,699000,2,2.0,Old City #2,1300,,1910,5,538,832,Active,,,http://www.redfin.com/DC/Washington/1419-R-St-NW-20009/unit-11/home/40098217,MRIS,DC10269009,N,Y,38.9128502,-77.0328311
MLS Listing,,Townhouse,1325 13th St NW #16,Washington,DC,20005,679500,2,2.5,Logan Circle,1187,,1979,5,572,516,Active,June-24-2018 01:00 PM,June-24-2018 03:00 PM,http://www.redfin.com/DC/Washington/1325-13th-St-NW-20005/unit-16/home/9874529,MRIS,DC10269018,N,Y,38.9083207,-77.0293223
MLS Listing,,Condo/Co-op,1801 Wyoming Ave NW #5,Washington,DC,20009,550000,1,1.0,Kalorama,825,,1910,5,667,245,Active,June-24-2018 01:00 PM,June-24-2018 03:00 PM,http://www.redfin.com/DC/Washington/1801-Wyoming-Ave-NW-20009/unit-5/home/45505164,MRIS,DC10267858,N,Y,38.9189283,-77.0418292
MLS Listing,,Condo/Co-op,1425 4th St SW Unit A713,Washington,DC,20024,359900,1,1.0,Rla (sw),722,,1965,5,498,750,Active,,,http://www.redfin.com/DC/Washington/1425-4th-St-SW-20024/unit-A713/home/9882882,MRIS,DC10269696,N,Y,38.8727407,-77.0187079
MLS Listing,,Townhouse,5200 New Hampshire Ave NW,Washington,DC,20011,725000,4,2.5,Petworth,1799,2159,1936,5,403,,Active,,,http://www.redfin.com/DC/Washington/5200-New-Hampshire-Ave-NW-20011/home/10069494,MRIS,DC10266201,N,Y,38.9535246,-77.0119371
MLS Listing,,Single Family Residential,5205 Sherier Pl NW,Washington,DC,20016,975000,3,2.5,Palisades,1374,2975,1918,5,710,,Active,June-24-2018 02:00 PM,June-24-2018 04:00 PM,http://www.redfin.com/DC/Washington/5205-Sherier-Pl-NW-20016/home/9942115,MRIS,DC10265241,N,Y,38.9260182,-77.1037714
MLS Listing,,Condo/Co-op,1131 5th St NW Unit C,Washington,DC,20001,650000,2,2.0,Old City #2,1215,,2000,5,535,273,Active,,,http://www.redfin.com/DC/Washington/1131-5th-St-NW-20001/unit-C/home/77306164,MRIS,DC10268923,N,Y,38.9052672,-77.0187641
MLS Listing,,Single Family Residential,5213 13th St NW,Washington,DC,20011,915000,5,3.5,16th Street Heights,2585,4300,1921,6,354,,Active,,,http://www.redfin.com/DC/Washington/5213-13th-St-NW-20011/home/10035569,MRIS,DC10269777,N,Y,38.9538074,-77.0293919
MLS Listing,,Townhouse,3825 Benton St NW,Washington,DC,20007,1250000,4,4.5,Glover Park,2520,1728,1930,6,496,,Active,,,http://www.redfin.com/DC/Washington/3825-Benton-St-NW-20007/home/9934158,MRIS,DC10269770,N,Y,38.920932,-77.07686
MLS Listing,,Townhouse,19 15th St SE,Washington,DC,20003,1188000,5,3.5,Capitol Hill,3060,1920,1910,6,388,,Active,,,http://www.redfin.com/DC/Washington/19-15th-St-SE-20003/home/9917336,MRIS,DC10269755,N,Y,38.8891722,-76.9838715
MLS Listing,,Townhouse,430 Newton Pl NW,Washington,DC,20010,859900,4,3.5,Columbia Heights,1980,2000,1940,6,434,,Active,,,http://www.redfin.com/DC/Washington/430-Newton-Pl-NW-20010/home/10043092,MRIS,DC10269720,N,Y,38.933971,-77.0198213
MLS Listing,,Condo/Co-op,101 Carolina Ave SE #308,Washington,DC,20003,289500,0,1.0,Capitol Hill,436,,1800,6,664,366,Active,,,http://www.redfin.com/DC/Washington/101-N-Carolina-Ave-SE-20003/unit-308/home/10343879,MRIS,DC10269610,N,Y,38.8835008,-77.0050081
MLS Listing,,Condo/Co-op,1701 Kalorama Rd NW #209,Washington,DC,20009,519000,1,1.0,Mount Pleasant,890,,2005,6,583,233,Active,June-24-2018 11:00 AM,June-24-2018 02:00 PM,http://www.redfin.com/DC/Washington/1701-Kalorama-Rd-NW-20009/unit-209/home/81839252,MRIS,DC10266516,N,Y,38.9216287,-77.0390854
MLS Listing,,Single Family Residential,3100 Alabama Ave SE,Washington,DC,20020,535000,5,4.0,Hill Crest,2214,9308,1922,6,242,,Active,,,http://www.redfin.com/DC/Washington/3100-Alabama-Ave-SE-20020/home/10151941,MRIS,DC10269496,N,Y,38.8616822,-76.9628883
MLS Listing,,Condo/Co-op,4581 Macarthur Blvd NW #104,Washington,DC,20007,239000,1,1.0,Palisades,650,,1937,6,368,382,Active,,,http://www.redfin.com/DC/Washington/4581-MacArthur-Blvd-NW-20007/unit-104/home/146043099,MRIS,DC10269411,N,Y,38.910222,-77.0884856
MLS Listing,,Townhouse,3248 O St NW,Washington,DC,20007,2995000,4,3.5,Georgetown,3166,1935,1900,6,946,,Active,,,http://www.redfin.com/DC/Washington/3248-O-St-NW-20007/home/9926541,MRIS,DC10269399,N,Y,38.9076351,-77.0654182
MLS Listing,,Townhouse,4961 6th St NE,Washington,DC,20017,539900,4,3.5,Brookland,2060,1407,2008,6,262,153,Active,,,http://www.redfin.com/DC/Washington/4961-6th-St-NE-20017/home/39955716,MRIS,DC10262953,N,Y,38.9497628,-76.9985856
MLS Listing,,Condo/Co-op,1401 Q St NW #203,Washington,DC,20009,1099000,2,2.5,Logan Circle,1400,,2006,6,785,748,Active,,,http://www.redfin.com/DC/Washington/1401-Q-St-NW-20009/unit-203/home/11745941,MRIS,DC10269358,N,Y,38.9113199,-77.0323466
MLS Listing,,Townhouse,6630 Blair Rd NW,Washington,DC,20012,475000,3,1.0,Chillum,862,1492,1950,6,551,,Active,,,http://www.redfin.com/DC/Washington/6630-Blair-Rd-NW-20012/home/10067263,MRIS,DC10269331,N,Y,38.9706071,-77.015615
MLS Listing,,Multi-Family (2-4 Unit),1121 Penn St NE,Washington,DC,20002,850000,,,Trinidad,2304,1152,1930,6,369,,Active,,,http://www.redfin.com/DC/Washington/1121-Penn-St-NE-20002/home/10095342,MRIS,DC10269304,N,Y,38.9066232,-76.9883601
MLS Listing,,Townhouse,943 15th St SE,Washington,DC,20003,698500,4,2.0,Capitol Hill,1600,1862,1920,6,437,,Active,,,http://www.redfin.com/DC/Washington/943-15th-St-SE-20003/home/9918135,MRIS,DC10269164,N,Y,38.8787996,-76.9838941
MLS Listing,,Townhouse,422 Jefferson St NE,Washington,DC,20011,509999,3,2.5,Riggs Park,1123,2646,1951,6,454,,Active,,,http://www.redfin.com/DC/Washington/422-Jefferson-St-NE-20011/home/10083331,MRIS,DC10269170,N,Y,38.9558197,-76.9986081
MLS Listing,,Condo/Co-op,2410 17th St NW #311,Washington,DC,20009,899900,2,2.5,Adams Morgan,1192,,2005,6,755,486,Active,,,http://www.redfin.com/DC/Washington/2410-17th-St-NW-20009/unit-311/home/10349352,MRIS,DC10269160,N,Y,38.9221357,-77.0396702
MLS Listing,,Townhouse,1427 Virginia Ave NE,Washington,DC,20002,615000,3,2.5,Trinidad,1400,1530,1925,6,439,,Active,,,http://www.redfin.com/DC/Washington/1427-W-Virginia-Ave-NE-20002/home/10095332,MRIS,DC10269117,N,Y,38.9070045,-76.9893389
MLS Listing,,Townhouse,331 14th St NE,Washington,DC,20002,789000,3,1.5,Old City #1,1670,1681,1910,6,472,,Active,,,http://www.redfin.com/DC/Washington/331-14th-St-NE-20002/home/9916340,MRIS,DC10269075,N,Y,38.8943812,-76.9852215
MLS Listing,,Condo/Co-op,1080 WISCONSIN Ave NW Unit 401-W,WASHINGTON,DC,20007,780000,2,2.0,WASHINGTON,1134,,1981,6,688,955,Active,,,http://www.redfin.com/DC/Washington/1080-Wisconsin-Ave-NW-20007/unit-401W/home/9924853,BRIGHT MLS,1001845118,N,Y,38.904651,-77.0629616
MLS Listing,,Condo/Co-op,1080 Wisconsin Ave NW Unit 401-W,Washington,DC,20007,780000,2,2.0,Georgetown,1134,,1981,6,688,955,Active,,,http://www.redfin.com/DC/Washington/1080-Wisconsin-Ave-NW-20007/unit-401W/home/9924622,MRIS,DC10268921,N,Y,38.904651,-77.0629616
MLS Listing,,Condo/Co-op,2120 Vermont Ave NW #221,Washington,DC,20001,454900,1,1.0,Old City #2,652,,2006,6,698,366,Active,,,http://www.redfin.com/DC/Washington/2120-Vermont-Ave-NW-20001/unit-221/home/11746490,MRIS,DC10268918,N,Y,38.9187901,-77.024916
MLS Listing,,Condo/Co-op,1451 Park Rd NW #304,Washington,DC,20010,309000,1,1.0,Columbia Heights,552,,1930,6,560,222,Active,,,http://www.redfin.com/DC/Washington/1451-Park-Rd-NW-20010/unit-304/home/55188125,MRIS,DC10268916,N,Y,38.9310507,-77.0342914
MLS Listing,,Condo/Co-op,2500 Q St NW Unit P-61,Washington,DC,20007,48000,0,,Georgetown,,,1943,6,,81,Active,,,http://www.redfin.com/DC/Washington/2500-Q-St-NW-20007/unit-P-61/home/9929429,MRIS,DC10268911,N,Y,38.9103711,-77.0520839
MLS Listing,,Single Family Residential,3769 Oliver St NW,Washington,DC,20015,1050000,6,3.0,Chevy Chase,1974,5875,1912,6,532,,Active,,,http://www.redfin.com/DC/Washington/3769-Oliver-St-NW-20015/home/9970541,MRIS,DC10268769,N,Y,38.9669033,-77.0756259
MLS Listing,,Condo/Co-op,101 North Carolina Ave SE Unit G,Washington,DC,20003,275000,0,1.0,Capitol Hill,406,,1800,6,677,377,Active,,,http://www.redfin.com/DC/Washington/101-N-Carolina-Ave-SE-20003/unit-G/home/12060950,MRIS,DC10268709,N,Y,38.8835008,-77.0050081
MLS Listing,,Condo/Co-op,1721 Trinidad Ave NE,Washington,DC,20002,1400000,8,8.0,Trinidad,3428,3795,1935,6,408,,Active,,,http://www.redfin.com/DC/Washington/1721-Trinidad-Ave-NE-20002/home/10097898,MRIS,DC10268665,N,Y,38.908234,-76.9823752
MLS Listing,,Townhouse,1717 Independence Ave SE Unit B,Washington,DC,20003,995000,3,3.0,Capitol Hill East,1950,,1924,6,510,223,Active,,,http://www.redfin.com/DC/Washington/1717-Independence-Ave-SE-20003/unit-B/home/105446975,MRIS,DC10268591,N,Y,38.8873989,-76.979946
MLS Listing,,Single Family Residential,3703 Porter St NW,Washington,DC,20016,2095000,5,4.5,Cleveland Park,4500,4784,1971,6,466,,Active,,,http://www.redfin.com/DC/Washington/3703-Porter-St-NW-20016/home/9973150,MRIS,DC10268362,N,Y,38.9375908,-77.072793
MLS Listing,,Condo/Co-op,1350 Maryland Ave NE #310,Washington,DC,20002,574900,2,2.0,Old City #1,1013,,2015,7,568,438,Active,,,http://www.redfin.com/DC/Washington/1350-Maryland-Ave-NE-20002/unit-310/home/107586865,MRIS,DC10267428,N,Y,38.899499,-76.985945
MLS Listing,,Townhouse,121 Victor St NE,Washington,DC,20011,549999,3,3.0,Brookland,1406,2266,1949,7,391,,Active,,,http://www.redfin.com/DC/Washington/121-Victor-St-NE-20011/home/10077110,MRIS,DC10268484,N,Y,38.9432797,-77.0050085
MLS Listing,,Townhouse,824 Varnum St NW #2,Washington,DC,20011,699999,2,2.0,Petworth,1200,,1908,7,583,167,Active,,,http://www.redfin.com/DC/Washington/824-Varnum-St-NW-20011/unit-2/home/146039613,MRIS,DC10268423,N,Y,38.942662,-77.02414
MLS Listing,,Townhouse,824 Varnum St NW #3,Washington,DC,20011,799999,3,3.5,Petworth,2400,,1908,7,333,334,Active,,,http://www.redfin.com/DC/Washington/824-Varnum-St-NW-20011/unit-3/home/146039607,MRIS,DC10268422,N,Y,38.942662,-77.02414
MLS Listing,,Townhouse,106 56th Pl SE,Washington,DC,20019,359000,3,2.5,Deanwood,1360,2548,2007,7,264,55,Active,,,http://www.redfin.com/DC/Washington/106-56th-Pl-SE-20019/home/21645816,MRIS,DC10268364,N,Y,38.8880812,-76.9200219
MLS Listing,,Townhouse,512 Quincy St NW,Washington,DC,20011,850000,3,2.0,Columbia Heights,1807,1831,1910,7,470,,Active,,,http://www.redfin.com/DC/Washington/512-Quincy-St-NW-20011/home/10179856,MRIS,DC10268348,N,Y,38.93757,-77.019732
MLS Listing,,Single Family Residential,4325 Van Ness St NW,Washington,DC,20016,1049000,3,3.0,American University Park,1632,6000,1939,7,643,,Active,,,http://www.redfin.com/DC/Washington/4325-Van-Ness-St-NW-20016/home/9956449,MRIS,DC10268337,N,Y,38.9433648,-77.0852933
MLS Listing,,Townhouse,5020 Illinois Ave NW,Washington,DC,20011,819900,4,3.5,Petworth,2104,1619,1929,7,390,,Active,,,http://www.redfin.com/DC/Washington/5020-Illinois-Ave-NW-20011/home/10040338,MRIS,DC10268336,N,Y,38.951492,-77.02488
MLS Listing,,Multi-Family (2-4 Unit),1447 22nd St SE,Washington,DC,20020,650000,,,Anacostia,1880,3214,1910,7,346,,Active,,,http://www.redfin.com/DC/Washington/1447-22nd-St-SE-20020/home/10146660,MRIS,DC10268304,N,Y,38.8725057,-76.9751749
MLS Listing,,Single Family Residential,29 Longfellow St NW,Washington,DC,20011,475000,0,,Chillum,1003,7876,1939,7,474,,Active,,,http://www.redfin.com/DC/Washington/29-Longfellow-St-NW-20011/home/10068957,MRIS,DC10268280,N,Y,38.957898,-77.0105424
MLS Listing,,Condo/Co-op,3901 Cathedral Ave NW #404,Washington,DC,20016,378900,2,1.0,Observatory Circle,943,,1938,7,402,999,Active,,,http://www.redfin.com/DC/Washington/3901-Cathedral-Ave-NW-20016/unit-404/home/143336700,MRIS,DC10268249,N,Y,38.9294482,-77.0775361
MLS Listing,,Single Family Residential,2720 Dumbarton St NW,Washington,DC,20007,5500000,6,6.5,Georgetown,5155,7380,1948,7,1067,,Active,,,http://www.redfin.com/DC/Washington/2720-Dumbarton-St-NW-20007/home/9926885,MRIS,DC10268181,N,Y,38.907459,-77.056656
MLS Listing,,Condo/Co-op,1601 18th St NW #516,Washington,DC,20009,415000,1,1.0,Old City #2,829,,1962,7,501,896,Active,,,http://www.redfin.com/DC/Washington/1601-18th-St-NW-20009/unit-516/home/9860917,MRIS,DC10268174,N,Y,38.9113144,-77.0411995
MLS Listing,,Condo/Co-op,4037 9th NE #1,Washington,DC,20017,379000,2,1.0,Brookland,800,,1937,7,474,267,Active,,,http://www.redfin.com/DC/Washington/4037-9th-St-NE-20017/unit-1/home/146038443,MRIS,DC10267824,N,Y,38.940275,-76.9933099
MLS Listing,,Single Family Residential,3126 Newton St NE,Washington,DC,20018,559900,4,2.0,Woodridge,2330,5969,1923,7,240,,Active,,,http://www.redfin.com/DC/Washington/3126-Newton-St-NE-20018/home/10105490,MRIS,DC10268060,N,Y,38.9343041,-76.9628433
MLS Listing,,Single Family Residential,825 Fern Pl NW,Washington,DC,20012,630000,4,2.5,Brightwood,1025,5482,1981,7,615,,Active,,,http://www.redfin.com/DC/Washington/825-Fern-Pl-NW-20012/home/10037541,MRIS,DC10268024,N,Y,38.9784583,-77.0257932
MLS Listing,,Townhouse,31 T St NW,Washington,DC,20001,1249000,5,3.5,Bloomingdale,1828,1152,1909,7,683,,Active,,,http://www.redfin.com/DC/Washington/31-T-St-NW-20001/home/10048193,MRIS,DC10268005,N,Y,38.9157859,-77.0101825
MLS Listing,,Single Family Residential,6307 Foote St,Capitol Heights,MD,20743,204900,4,2.0,Fairmount Heights,948,7008,2001,7,216,,Active,,,http://www.redfin.com/MD/Capitol-Heights/6307-Foote-St-20743/home/11014158,MRIS,PG10267868,N,Y,38.8956609,-76.9103
MLS Listing,,Condo/Co-op,350 G St SW Unit N311,Washington,DC,20024,479000,2,1.0,Southwest Waterfront,910,,2004,7,526,463,Active,,,http://www.redfin.com/DC/Washington/350-G-St-SW-20024/unit-N311/home/10193811,MRIS,DC10267831,N,Y,38.8810532,-77.0165935
MLS Listing,,Townhouse,127 R St NE,Washington,DC,20002,750000,3,2.5,Eckington,2212,1800,1905,7,339,,Active,,,http://www.redfin.com/DC/Washington/127-R-St-NE-20002/home/10072926,MRIS,DC10267771,N,Y,38.9123747,-77.0055484
MLS Listing,,Single Family Residential,4243 Dix St NE,Washington,DC,20019,389000,3,2.0,Deanwood,972,2281,1924,7,400,,Active,,,http://www.redfin.com/DC/Washington/4243-Dix-St-NE-20019/home/10120365,MRIS,DC10267656,N,Y,38.8947996,-76.9402472
MLS Listing,,Single Family Residential,4925 Lowell St NW,Washington,DC,20016,2700000,6,5.5,Kent,6508,13801,1956,7,415,,Active,,,http://www.redfin.com/DC/Washington/4925-Lowell-St-NW-20016/home/113745715,MRIS,DC10267648,N,Y,38.9328417,-77.0987813
MLS Listing,,Single Family Residential,3817 Kanawha St NW,Washington,DC,20015,1475000,5,4.0,Chevy Chase,2318,5040,1925,7,636,,Active,,,http://www.redfin.com/DC/Washington/3817-Kanawha-St-NW-20015/home/9969304,MRIS,DC10255474,N,Y,38.9604935,-77.0763904
MLS Listing,,Townhouse,2717 11th St NW,Washington,DC,20001,915000,4,2.0,Columbia Heights,2112,1806,1910,7,433,,Active,,,http://www.redfin.com/DC/Washington/2717-11th-St-NW-20001/home/10030112,MRIS,DC10267615,N,Y,38.9253126,-77.0268166
MLS Listing,,Townhouse,1620 15th St NW,Washington,DC,20009,4000000,5,6.0,Old City #2,4000,1330,1885,7,1000,,Active,,,http://www.redfin.com/DC/Washington/1620-15th-St-NW-20009/home/9868329,MRIS,DC10263877,N,Y,38.9119688,-77.0348012
MLS Listing,,Single Family Residential,3920 13th St NE,Washington,DC,20017,599999,3,1.0,Brookland,1360,2720,1925,8,441,,Active,,,http://www.redfin.com/DC/Washington/3920-13th-St-NE-20017/home/10090184,MRIS,DC10267558,N,Y,38.938001,-76.988587
MLS Listing,,Single Family Residential,305 K St NE,Washington,DC,20002,695000,0,,Old City #1,915,2307,1900,8,760,,Active,,,http://www.redfin.com/DC/Washington/305-K-St-NE-20002/home/146035934,MRIS,DC10267480,N,Y,38.9022245,-77.0017352
MLS Listing,,Condo/Co-op,4723 1st St SW #101,Washington,DC,20032,44900,2,1.0,Congress Heights,673,,1949,8,67,310,Active,,,http://www.redfin.com/DC/Washington/4723-1st-St-SW-20032/unit-101/home/10171872,MRIS,DC10267371,N,Y,38.823255,-77.0058564
MLS Listing,,Townhouse,5300 Illinois Ave NW,Washington,DC,20011,579900,3,3.0,Petworth,972,871,1913,8,597,,Active,,,http://www.redfin.com/DC/Washington/5300-Illinois-Ave-NW-20011/home/10039778,MRIS,DC10267320,N,Y,38.954244,-77.026558
MLS Listing,,Townhouse,1665 Harvard St NW,Washington,DC,20009,1450000,7,4.0,Mount Pleasant,3450,2920,1915,8,420,,Active,,,http://www.redfin.com/DC/Washington/1665-Harvard-St-NW-20009/home/10007545,MRIS,DC10253499,N,Y,38.9275753,-77.0399233
MLS Listing,,Single Family Residential,3273 P St NW,Washington,DC,20007,1595000,2,2.5,Georgetown,1382,999,1900,8,1154,,Active,,,http://www.redfin.com/DC/Washington/3273-P-St-NW-20007/home/9927962,MRIS,DC10267266,N,Y,38.9089496,-77.065688
MLS Listing,,Condo/Co-op,1133 14th St NW #1006,Washington,DC,20005,499995,1,1.0,Central,765,,2006,8,654,385,Active,,,http://www.redfin.com/DC/Washington/1133-14th-St-NW-20005/unit-1006/home/11746361,MRIS,DC10267255,N,Y,38.9047062,-77.0315774
MLS Listing,,Townhouse,3330 Dent Pl NW,Washington,DC,20007,1975000,2,3.5,Georgetown,2440,2625,1986,8,809,,Active,,,http://www.redfin.com/DC/Washington/3330-Dent-Pl-NW-20007/home/9930546,MRIS,DC10267241,N,Y,38.9115451,-77.0670933
MLS Listing,,Townhouse,1615 Fairlawn Ave SE,Washington,DC,20020,499999,4,2.0,Anacostia,1024,1600,1938,8,488,,Active,,,http://www.redfin.com/DC/Washington/1615-Fairlawn-Ave-SE-20020/home/10147342,MRIS,DC10267234,N,Y,38.871338,-76.981639
MLS Listing,,Condo/Co-op,2141 I St NW #616,Washington,DC,20037,299900,1,1.0,Foggy Bottom,509,,1974,8,589,464,Active,,,http://www.redfin.com/DC/Washington/2141-I-St-NW-20037/unit-616/home/9054791,MRIS,DC10267202,N,Y,38.9008364,-77.0468864
MLS Listing,,Condo/Co-op,1414 Belmont St NW #413,Washington,DC,20009,91170,0,1.0,Columbia Heights,490,,2009,8,186,215,Active,,,http://www.redfin.com/DC/Washington/1414-Belmont-St-NW-20009/unit-413/home/25723235,MRIS,DC10267134,N,Y,38.9202565,-77.0321627
MLS Listing,,Condo/Co-op,2737 Devonshire Pl NW #117,Washington,DC,20008,541000,1,1.0,Garfield,1127,,1929,8,480,740,Active,,,http://www.redfin.com/DC/Washington/2737-Devonshire-Pl-NW-20008/unit-117/home/9986565,MRIS,DC10267081,N,Y,38.9314343,-77.0577956
MLS Listing,,Condo/Co-op,1910 Kalorama Rd NW #2,Washington,DC,20009,339900,1,1.0,Kalorama,616,,1923,8,552,248,Active,,,http://www.redfin.com/DC/Washington/1910-Kalorama-Rd-NW-20009/unit-2/home/45505238,MRIS,DC10266986,N,Y,38.9191023,-77.0455174
MLS Listing,,Multi-Family (2-4 Unit),712 G St SE,Washington,DC,20003,1800000,,,Capitol Hill,,2285,1936,8,,,Active,,,http://www.redfin.com/DC/Washington/712-G-St-SE-20003/home/9901920,MRIS,DC10266897,N,Y,38.8815013,-76.9954697
MLS Listing,,Condo/Co-op,3540 39th St NW Unit D646,Washington,DC,20016,489000,2,1.0,Cleveland Park,913,,1942,8,536,460,Active,,,http://www.redfin.com/DC/Washington/3540-39th-St-NW-20016/unit-D646/home/146033522,MRIS,DC10266875,N,Y,38.9365667,-77.0777526
MLS Listing,,Townhouse,5608 Blaine St NE,Washington,DC,20019,280000,2,1.0,Deanwood,800,1939,1944,8,350,,Active,,,http://www.redfin.com/DC/Washington/5608-Blaine-St-NE-20019/home/10130847,MRIS,DC10266839,N,Y,38.8914107,-76.9213389
MLS Listing,,Condo/Co-op,1345 K St SE #101,Washington,DC,20003,649900,2,2.0,Stone Hill,1067,,2018,8,609,397,Active,,,http://www.redfin.com/DC/Washington/1345-K-St-SE-20003/unit-101/home/144668701,MRIS,DC10266681,N,Y,38.878145,-76.986602
MLS Listing,,Condo/Co-op,1345 K St SE Unit T-3,Washington,DC,20003,399900,1,1.0,Stone Hill,701,,2018,8,570,243,Active,,,http://www.redfin.com/DC/Washington/1345-K-St-SE-20003/unit-T-3/home/145288772,MRIS,DC10266674,N,Y,38.878145,-76.986602
MLS Listing,,Single Family Residential,4327 Southern Ave,Capitol Heights,MD,20743,289000,5,3.0,Bradbury Heights,1959,4400,1924,8,148,,Active,,,http://www.redfin.com/MD/Capitol-Heights/4327-Southern-Ave-SE-20743/home/10624058,MRIS,PG10266665,N,Y,38.8713991,-76.9364609
MLS Listing,,Condo/Co-op,1311 Delaware Ave SW Unit S336,Washington,DC,20024,189000,0,1.0,Southwest Waterfront,450,,1962,8,420,565,Active,,,http://www.redfin.com/DC/Washington/1311-Delaware-Ave-SW-20024/unit-S336/home/18972138,MRIS,DC10266624,N,Y,38.8739553,-77.0155098
MLS Listing,,Single Family Residential,4715 17th St NW,Washington,DC,20011,1695000,5,4.0,Crestwood,4641,7572,1928,8,365,,Active,,,http://www.redfin.com/DC/Washington/4715-17th-St-NW-20011/home/10012607,MRIS,DC10266618,N,Y,38.9476574,-77.0385232
MLS Listing,,Condo/Co-op,701 Pennsylvania Ave NW Ph 4,Washington,DC,20004,440000,1,1.0,Penn Quarter,550,,1991,8,800,710,Active,,,http://www.redfin.com/DC/Washington/701-Pennsylvania-Ave-NW-20004/unit-4/home/9878772,MRIS,DC10266606,N,Y,38.8945661,-77.0225318
MLS Listing,,Single Family Residential,1209 Gallatin St NW,Washington,DC,20011,600000,3,1.5,16th Street Heights,1288,4667,1920,8,466,,Active,,,http://www.redfin.com/DC/Washington/1209-Gallatin-St-NW-20011/home/10035493,MRIS,DC10256959,N,Y,38.9520667,-77.0281774
MLS Listing,,Condo/Co-op,5406 Connecticut Ave NW #206,Washington,DC,20015,272000,1,1.0,Chevy Chase,795,,1963,9,342,665,Active,,,http://www.redfin.com/DC/Washington/5406-Connecticut-Ave-NW-20015/unit-206/home/9970051,MRIS,DC10266562,N,Y,38.961457,-77.0739493
MLS Listing,,Townhouse,2616 Cathedral Ave NW,Washington,DC,20008,1695000,5,3.5,Woodley Park,3090,2351,1910,9,549,,Active,,,http://www.redfin.com/DC/Washington/2616-Cathedral-Ave-NW-20008/home/9987283,MRIS,DC10266456,N,Y,38.928041,-77.054996
MLS Listing,,Single Family Residential,4611 Gunther St,Capitol Heights,MD,20743,260000,4,2.0,Gr Capitol Heights,1008,5000,1948,9,258,,Active,,,http://www.redfin.com/MD/Capitol-Heights/4611-Gunther-St-20743/home/11018702,MRIS,PG10266451,N,Y,38.8776187,-76.9274619
MLS Listing,,Townhouse,2019 2nd St NE,Washington,DC,20002,520000,3,2.5,Eckington,1088,,1917,10,478,,Active,,,http://www.redfin.com/DC/Washington/2019-2nd-St-NE-20002/home/10075119,MRIS,DC10266156,N,Y,38.917385,-77.003196
MLS Listing,,Townhouse,1630-1634 ARGONNE Pl NW,WASHINGTON,DC,20009,2699900,1,1.0,WASHINGTON,1755,5100,1921,10,1538,,Active,,,http://www.redfin.com/DC/Washington/1634-Argonne-Pl-NW-20009/home/10007251,BRIGHT MLS,1001813344,N,Y,38.926309,-77.038245
MLS Listing,,Townhouse,1630-1634 Argonne Pl NW,Washington,DC,20009,2699900,1,1.0,Mount Pleasant,1755,5100,1921,10,1538,,Active,,,http://www.redfin.com/DC/Washington/1634-Argonne-Pl-NW-20009/home/145428670,MRIS,DC10266146,N,Y,38.926309,-77.038245
MLS Listing,,Townhouse,410 53rd St NE,Washington,DC,20019,350000,4,2.5,Deanwood,852,3253,2005,10,411,,Active,,,http://www.redfin.com/DC/Washington/410-53rd-St-NE-20019/home/11744605,MRIS,DC10266103,N,Y,38.8947379,-76.925168
MLS Listing,,Townhouse,1720 Newton St NE,Washington,DC,20018,775000,3,4.5,Brookland,1520,2800,1926,10,510,,Active,,,http://www.redfin.com/DC/Washington/1720-Newton-St-NE-20018/home/10099855,MRIS,DC10266096,N,Y,38.934362,-76.980273
MLS Listing,,Townhouse,156 Upsal St SE,Washington,DC,20032,489000,4,2.5,Congress Heights,1104,5826,1941,10,443,,Active,,,http://www.redfin.com/DC/Washington/156-Upsal-St-SE-20032/home/10167322,MRIS,DC10266088,N,Y,38.838373,-77.003232
MLS Listing,,Condo/Co-op,1306 O St NW Unit LL3,Washington,DC,20005,446900,1,1.0,Old City #2,646,,1900,10,692,326,Active,,,http://www.redfin.com/DC/Washington/1306-O-St-NW-20005/unit-LL3/home/10182992,MRIS,DC10266062,N,Y,38.9084367,-77.0297104
MLS Listing,,Townhouse,528 Kennedy St NW #101,Washington,DC,20011,329900,2,1.0,Petworth,,,1961,10,,190,Active,,,http://www.redfin.com/DC/Washington/528-Kennedy-St-NW-20011/unit-101/home/145279699,MRIS,DC10265994,N,Y,38.9562076,-77.0207998
MLS Listing,,Condo/Co-op,2205 California St NW #203,Washington,DC,20008,879000,2,2.0,Kalorama,1268,,1905,10,693,635,Active,,,http://www.redfin.com/DC/Washington/2205-California-St-NW-20008/unit-203/home/9998289,MRIS,DC10265906,N,Y,38.916416,-77.0491004
MLS Listing,,Condo/Co-op,939 Longfellow St NW #111,Washington,DC,20011,189000,1,1.0,Petworth,700,,1940,10,270,364,Active,,,http://www.redfin.com/DC/Washington/939-Longfellow-St-NW-20011/unit-111/home/10345496,MRIS,DC10265888,N,Y,38.9575668,-77.0272779
MLS Listing,,Single Family Residential,2023 Spruce Dr NW,Washington,DC,20012,1365000,6,4.5,North Portal Estates,3800,8400,1955,10,359,,Active,,,http://www.redfin.com/DC/Washington/2023-Spruce-Dr-NW-20012/home/10172327,MRIS,DC10265803,N,Y,38.9927443,-77.0405473
MLS Listing,,Condo/Co-op,8005 13th St #401,Silver Spring,MD,20910,315000,1,1.0,The Orion Codm,712,,2012,10,442,336,Active,June-23-2018 12:00 PM,June-23-2018 03:00 PM,http://www.redfin.com/MD/Silver-Spring/8005-13th-St-20910/unit-401/home/49782545,MRIS,MC10265773,N,Y,38.9870706,-77.0290376
MLS Listing,,Condo/Co-op,1500 Pennsylvania Ave SE #410,Washington,DC,20003,449900,1,1.0,Old City #1,703,,2017,10,640,345,Active,,,http://www.redfin.com/DC/Washington/1500-Pennsylvania-Ave-SE-20003/unit-410/home/113745701,MRIS,DC10265760,N,Y,38.879821,-76.983278
MLS Listing,,Condo/Co-op,2425 L St NW #520,Washington,DC,20037,649900,1,1.0,Central,810,,2006,10,802,748,Active,June-24-2018 01:00 PM,June-24-2018 03:00 PM,http://www.redfin.com/DC/Washington/2425-L-St-NW-20037/unit-000520/home/11745807,MRIS,DC10265746,N,Y,38.904343,-77.0523268
MLS Listing,,Condo/Co-op,730 24th St NW #717,Washington,DC,20037,249900,0,1.0,Foggy Bottom,518,,1961,10,482,585,Active,,,http://www.redfin.com/DC/Washington/730-24th-St-NW-20037/unit-717/home/88634117,MRIS,DC10262580,N,Y,38.8989336,-77.0517241
MLS Listing,,Townhouse,1509 A St SE,Washington,DC,20003,980000,5,3.5,Old City #1,2244,1408,1909,10,437,,Active,,,http://www.redfin.com/DC/Washington/1509-A-St-SE-20003/home/9918682,MRIS,DC10265497,N,Y,38.888431,-76.983149
MLS Listing,,Townhouse,1474 Belmont St NW #4,Washington,DC,20009,749000,1,1.0,Columbia Heights,700,,1910,10,1070,234,Active,,,http://www.redfin.com/DC/Washington/1474-Belmont-St-NW-20009/unit-4/home/102855743,MRIS,DC10265691,N,Y,38.920236,-77.034477
MLS Listing,,Condo/Co-op,5117 A St SE #201,Washington,DC,20019,79900,1,1.0,Marshall Heights,492,,1953,11,162,200,Active,,,http://www.redfin.com/DC/Washington/5117-A-St-SE-20019/unit-201/home/10195997,MRIS,DC10265700,N,Y,38.8874903,-76.9271017
MLS Listing,,Townhouse,4217 River Rd NW,Washington,DC,20016,875000,3,3.5,American University Park,1802,3048,1976,11,486,,Active,,,http://www.redfin.com/DC/Washington/4217-River-Rd-NW-20016/home/9957661,MRIS,DC10265689,N,Y,38.9508072,-77.0826881
MLS Listing,,Townhouse,5421 8th St NW,Washington,DC,20011,999000,6,3.5,Petworth,1764,2313,1905,11,566,,Active,,,http://www.redfin.com/DC/Washington/5421-8th-St-NW-20011/home/10052202,MRIS,DC10265681,N,Y,38.9559627,-77.0237971
MLS Listing,,Townhouse,626 Farragut St NW,Washington,DC,20011,599000,3,1.5,Petworth,1152,2545,1927,11,520,,Active,,,http://www.redfin.com/DC/Washington/626-Farragut-St-NW-20011/home/10057694,MRIS,DC10265680,N,Y,38.950664,-77.021056
MLS Listing,,Condo/Co-op,2475 Virginia Ave NW Unit 500/501/531,Washington,DC,20037,1145000,3,3.0,Foggy Bottom,2430,,1956,11,471,2425,Active,,,http://www.redfin.com/DC/Washington/2475-Virginia-Ave-NW-20037/unit-500-501-531/home/146015653,MRIS,DC10265530,N,Y,38.89905,-77.052542
MLS Listing,,Townhouse,1941 Summit Pl NE,Washington,DC,20002,460000,5,1.5,Eckington,1184,1088,1913,11,389,,Active,,,http://www.redfin.com/DC/Washington/1941-Summit-Pl-NE-20002/home/10073394,MRIS,DC10265579,N,Y,38.9168459,-77.0049072
MLS Listing,,Single Family Residential,6512 6th St NW,Washington,DC,20012,879500,3,3.5,Takoma Park,1435,5788,1935,11,613,,Active,,,http://www.redfin.com/DC/Washington/6512-6th-St-NW-20012/home/10054805,MRIS,DC10265496,N,Y,38.9691078,-77.0214296
MLS Listing,,Townhouse,813 12th St NE,Washington,DC,20002,579000,2,1.5,Old City #1,924,612,1900,11,627,,Active,,,http://www.redfin.com/DC/Washington/813-12th-St-NE-20002/home/9909721,MRIS,DC10265484,N,Y,38.9005955,-76.9899688
MLS Listing,,Condo/Co-op,1725 Lanier Pl NW Unit 2B,Washington,DC,20009,430000,2,1.0,Mount Pleasant,702,,1940,11,613,347,Active,,,http://www.redfin.com/DC/Washington/1725-Lanier-Pl-NW-20009/unit-2B/home/10184105,MRIS,DC10265460,N,Y,38.9258316,-77.0406354
MLS Listing,,Vacant Land,5804 Field Pl NE,Washington,DC,20019,78500,,,Deanwood,,2214,,11,,,Active,,,http://www.redfin.com/MD/Washington/5804-Field-Pl-NE-20019/home/146014570,MRIS,DC10265393,N,Y,38.8980999,-76.917418
MLS Listing,,Condo/Co-op,2328 Champlain St NW #202,Washington,DC,20009,414900,1,1.0,Mount Pleasant,584,,2002,11,710,227,Active,,,http://www.redfin.com/DC/Washington/2328-Champlain-St-NW-20009/unit-202/home/10187681,MRIS,DC10265387,N,Y,38.9206329,-77.0412894
MLS Listing,,Condo/Co-op,1312 Massachusetts Ave NW #106,Washington,DC,20005,419900,1,1.0,Central,688,,1949,11,610,522,Active,,,http://www.redfin.com/DC/Washington/1312-Massachusetts-Ave-NW-20005/unit-106/home/9873205,MRIS,DC10265369,N,Y,38.9048619,-77.0303387
MLS Listing,,Townhouse,2247 12th St NW #3,Washington,DC,20009,699900,2,2.0,U Street,,,1880,11,,234,Active,,,http://www.redfin.com/DC/Washington/2247-12th-St-NW-20009/unit-3/home/146013986,MRIS,DC10265331,N,Y,38.920197,-77.0286519
MLS Listing,,Townhouse,727 Burns St SE,Washington,DC,20019,370000,3,2.0,Fort Dupont Park,832,2711,1952,11,445,,Active,,,http://www.redfin.com/DC/Washington/727-Burns-St-SE-20019/home/10139233,MRIS,DC10265332,N,Y,38.879387,-76.942851
MLS Listing,,Single Family Residential,2435 Tracy Pl NW,Washington,DC,20008,5250000,6,7.5,Kalorama,4983,4700,1927,11,1054,,Active,,,http://www.redfin.com/DC/Washington/2435-Tracy-Pl-NW-20008/home/9997177,MRIS,DC10265319,N,Y,38.9164895,-77.0542202
MLS Listing,,Townhouse,1900 Biltmore St NW #7,Washington,DC,20009,849900,2,2.0,Kalorama,,,1922,11,,239,Active,,,http://www.redfin.com/DC/Washington/1900-Biltmore-St-NW-20009/unit-7/home/10183960,MRIS,DC10265291,N,Y,38.9221928,-77.045589
MLS Listing,,Single Family Residential,3808 Garrison St NW,Washington,DC,20016,1675000,5,3.5,Chevy Chase,3900,5261,1929,11,429,,Active,,,http://www.redfin.com/DC/Washington/3808-Garrison-St-NW-20016/home/9969055,MRIS,DC10265263,N,Y,38.9553148,-77.0752662
MLS Listing,,Townhouse,1262 16th St NE,Washington,DC,20002,375000,3,2.0,Trinidad,1184,1460,1951,11,317,,Active,,,http://www.redfin.com/DC/Washington/1262-16th-St-NE-20002/home/10097982,MRIS,DC10265234,N,Y,38.9071434,-76.9800914
MLS Listing,,Condo/Co-op,1363 Childress St NE #3,Washington,DC,20002,365000,2,2.0,Trinidad,800,,1940,11,456,225,Active,,,http://www.redfin.com/DC/Washington/1363-Childress-St-NE-20002/unit-3/home/113426989,MRIS,DC10265212,N,Y,38.905621,-76.9823302
MLS Listing,,Condo/Co-op,1150 K St NW #610,Washington,DC,20005,615000,2,2.0,Central,1000,,2005,11,615,615,Active,,,http://www.redfin.com/DC/Washington/1150-K-St-NW-20005/unit-610/home/10347543,MRIS,DC10265112,N,Y,38.9021883,-77.0277361
MLS Listing,,Condo/Co-op,1401 Potomac Ave SE #1,Washington,DC,20003,369000,1,1.0,Capitol Hill,513,,1900,11,719,182,Active,,,http://www.redfin.com/DC/Washington/1401-Potomac-Ave-SE-20003/unit-1/home/39900500,MRIS,DC10247070,N,Y,38.8804178,-76.9847202
MLS Listing,,Condo/Co-op,4200 Massachusetts Ave NW #414,Washington,DC,20016,1669900,2,2.5,Wesley Heights,2734,,1971,11,611,3523,Active,,,http://www.redfin.com/DC/Washington/4200-Massachusetts-Ave-NW-20016/unit-414/home/9950683,MRIS,DC10265044,N,Y,38.9348171,-77.0828442
MLS Listing,,Townhouse,2032 Flagler Pl NW,Washington,DC,20001,1299000,5,3.5,Ledroit Park,1446,1108,1906,11,898,,Active,June-24-2018 02:00 PM,June-24-2018 04:00 PM,http://www.redfin.com/DC/Washington/2032-Flagler-Pl-NW-20001/home/10048766,MRIS,DC10264966,N,Y,38.9178854,-77.0137704
MLS Listing,,Condo/Co-op,3901 Cathedral Ave NW #518,Washington,DC,20016,270000,1,1.0,Cathedral Heights,756,,1938,11,357,765,Active,,,http://www.redfin.com/DC/Washington/3901-Cathedral-Ave-NW-20016/unit-518/home/143402847,MRIS,DC10264893,N,Y,38.9294482,-77.0775361
MLS Listing,,Condo/Co-op,2801 New Mexico Ave NW #704,Washington,DC,20007,590000,1,1.5,Observatory Circle,1416,,1966,11,417,1665,Active,,,http://www.redfin.com/DC/Washington/2801-New-Mexico-Ave-NW-20007/unit-704/home/9964344,MRIS,DC10264805,N,Y,38.9267165,-77.0801
MLS Listing,,Townhouse,1220 Raum St NE,Washington,DC,20002,899000,4,4.0,Trinidad,2952,3298,1936,11,305,,Active,,,http://www.redfin.com/DC/Washington/1220-Raum-St-NE-20002/unit-20/home/10094528,MRIS,DC10264800,N,Y,38.9088047,-76.9849402
MLS Listing,,Townhouse,1900 Biltmore St NW #3,Washington,DC,20009,749900,2,2.0,Kalorama,,,1922,11,,239,Active,,,http://www.redfin.com/DC/Washington/1900-Biltmore-St-NW-20009/unit-3/home/10183952,MRIS,DC10264789,N,Y,38.9221928,-77.045589
MLS Listing,,Townhouse,1341 1st St NW,Washington,DC,20001,659000,3,1.5,Old City #2,1312,1063,1906,11,502,,Active,,,http://www.redfin.com/DC/Washington/1341-1st-St-NW-20001/home/9888672,MRIS,DC10264790,N,Y,38.90831,-77.011881
MLS Listing,,Condo/Co-op,304 Oklahoma Ave NE #2,Washington,DC,20002,300000,1,1.0,Capitol Hill,592,,1944,11,507,200,Active,,,http://www.redfin.com/DC/Washington/304-Oklahoma-Ave-NE-20002/unit-2/home/10195926,MRIS,DC10264773,N,Y,38.8950813,-76.9740814
MLS Listing,,Townhouse,3643 13th St NW #1,Washington,DC,20010,699900,3,3.0,Columbia Heights,1550,,1913,11,452,267,Active,,,http://www.redfin.com/DC/Washington/3643-13th-St-NW-20010/unit-1/home/146011585,MRIS,DC10264762,N,Y,38.9355758,-77.0294506
MLS Listing,,Condo/Co-op,501 Slaters Ln #1411,Alexandria,VA,22314,589000,2,2.0,Marina Towers,1063,,1970,11,554,784,Active,,,http://www.redfin.com/VA/Alexandria/501-Slaters-Ln-22314/unit-1411/home/11864980,MRIS,AX10264733,N,Y,38.8225044,-77.041451
MLS Listing,,Single Family Residential,3921 18th St NE,Washington,DC,20018,799900,4,3.0,Michigan Park,1388,11838,1935,11,576,,Active,,,http://www.redfin.com/DC/Washington/3921-18th-St-NE-20018/home/10101652,MRIS,DC10264729,N,Y,38.9378975,-76.9797201
MLS Listing,,Townhouse,4912 7th St NE,Washington,DC,20017,674900,4,3.5,Brookland,1982,3000,2006,11,341,100,Active,June-24-2018 02:00 PM,June-24-2018 04:00 PM,http://www.redfin.com/DC/Washington/4912-7th-St-NE-20017/home/21647406,MRIS,DC10264672,N,Y,38.9487472,-76.9973145
MLS Listing,,Condo/Co-op,1424 L St SE #301,Washington,DC,20003,664900,2,2.5,Capitol Hill,1600,,1943,11,416,375,Active,,,http://www.redfin.com/DC/Washington/1424-L-St-SE-20003/unit-301/home/58211011,MRIS,DC10264633,N,Y,38.8777227,-76.9844002
MLS Listing,,Townhouse,4525-1/2 Georgia Ave NW #2,Washington,DC,20011,774900,3,3.0,Petworth,1600,,2018,11,484,291,Active,,,http://www.redfin.com/DC/Washington/4525-Georgia-Ave-NW-20011/unit-2/home/145246067,MRIS,DC10264625,N,Y,38.945699,-77.0268849
MLS Listing,,Townhouse,1321 Monroe St NW Unit A,Washington,DC,20010,925000,3,2.5,Columbia Heights,1920,,1909,11,482,218,Active,,,http://www.redfin.com/DC/Washington/1321-Monroe-St-NW-20010/unit-A/home/146010846,MRIS,DC10264603,N,Y,38.932312,-77.030446
MLS Listing,,Condo/Co-op,1402 H St NE #304,Washington,DC,20002,629900,2,2.0,Constellation On H,1139,,2017,11,553,421,Active,,,http://www.redfin.com/DC/Washington/1402-H-St-NE-20002/unit-304/home/143158586,MRIS,DC10264563,N,Y,38.900412,-76.985298
MLS Listing,,Multi-Family (2-4 Unit),6523 1st St NW,Washington,DC,20012,797750,,,Takoma Park,,6009,1900,11,,,Active,,,http://www.redfin.com/DC/Washington/6523-1st-St-NW-20012/unit-1/home/11748472,MRIS,DC10264531,N,Y,38.9698157,-77.0113522
